Category,Layer,Rank,Expert ID,Activation Count
height,0,1,112,5671
height,0,2,23,5285
height,0,3,12,5225
height,0,4,77,4657
height,0,5,125,4592
height,0,6,62,4415
height,0,7,72,4359
height,0,8,30,4273
height,0,9,102,4085
height,0,10,75,3980
height,0,11,34,3975
height,0,12,98,3878
height,0,13,51,3729
height,0,14,78,3711
height,0,15,28,3695
height,0,16,29,3648
height,0,17,50,3630
height,0,18,100,3318
height,0,19,116,3165
height,0,20,35,3115
height,1,1,59,5099
height,1,2,119,4959
height,1,3,32,4936
height,1,4,4,4802
height,1,5,88,4502
height,1,6,111,4428
height,1,7,122,4288
height,1,8,45,4225
height,1,9,102,4076
height,1,10,47,3878
height,1,11,106,3875
height,1,12,70,3766
height,1,13,127,3761
height,1,14,5,3706
height,1,15,94,3653
height,1,16,100,3605
height,1,17,10,3325
height,1,18,114,3204
height,1,19,123,3168
height,1,20,75,3144
height,2,1,47,11185
height,2,2,37,8400
height,2,3,36,7120
height,2,4,40,5865
height,2,5,127,5651
height,2,6,85,5469
height,2,7,2,5413
height,2,8,5,4893
height,2,9,31,4430
height,2,10,80,4028
height,2,11,25,3942
height,2,12,15,3913
height,2,13,4,3686
height,2,14,76,3562
height,2,15,52,3560
height,2,16,90,3469
height,2,17,125,3389
height,2,18,116,3349
height,2,19,50,3328
height,2,20,67,3325
height,3,1,84,14392
height,3,2,16,10483
height,3,3,113,8478
height,3,4,95,6501
height,3,5,77,5157
height,3,6,43,4628
height,3,7,115,4328
height,3,8,49,4255
height,3,9,61,4205
height,3,10,27,4198
height,3,11,102,4168
height,3,12,106,4023
height,3,13,103,3998
height,3,14,24,3804
height,3,15,88,3743
height,3,16,70,3636
height,3,17,72,3630
height,3,18,2,3628
height,3,19,3,3608
height,3,20,59,3526
height,4,1,104,11586
height,4,2,101,8508
height,4,3,109,7865
height,4,4,4,7736
height,4,5,11,7161
height,4,6,15,6470
height,4,7,36,5888
height,4,8,13,5576
height,4,9,52,5322
height,4,10,5,4975
height,4,11,28,4607
height,4,12,33,4515
height,4,13,32,4476
height,4,14,73,4384
height,4,15,10,4360
height,4,16,34,4331
height,4,17,81,4073
height,4,18,72,4054
height,4,19,2,3979
height,4,20,38,3676
height,5,1,74,9950
height,5,2,13,9355
height,5,3,44,9262
height,5,4,53,7281
height,5,5,76,6947
height,5,6,14,6912
height,5,7,7,6343
height,5,8,70,6153
height,5,9,98,5300
height,5,10,17,4601
height,5,11,48,4359
height,5,12,68,4178
height,5,13,54,4101
height,5,14,127,4070
height,5,15,25,3925
height,5,16,10,3801
height,5,17,12,3743
height,5,18,87,3673
height,5,19,121,3619
height,5,20,111,3462
height,6,1,74,13748
height,6,2,1,13146
height,6,3,71,12612
height,6,4,8,10543
height,6,5,34,9367
height,6,6,86,8761
height,6,7,109,8594
height,6,8,16,8095
height,6,9,53,7019
height,6,10,111,6469
height,6,11,40,5579
height,6,12,80,5549
height,6,13,116,5202
height,6,14,44,5164
height,6,15,29,4282
height,6,16,62,4243
height,6,17,7,4170
height,6,18,76,4142
height,6,19,118,4118
height,6,20,27,4015
height,7,1,109,14891
height,7,2,83,12426
height,7,3,18,11767
height,7,4,41,9865
height,7,5,30,9034
height,7,6,92,7443
height,7,7,103,7340
height,7,8,17,6708
height,7,9,106,6639
height,7,10,111,6564
height,7,11,73,6485
height,7,12,64,6250
height,7,13,23,5775
height,7,14,107,5738
height,7,15,9,5099
height,7,16,34,4974
height,7,17,59,4449
height,7,18,82,4328
height,7,19,53,3723
height,7,20,122,3690
height,8,1,46,14623
height,8,2,88,12720
height,8,3,107,12021
height,8,4,21,10063
height,8,5,58,7135
height,8,6,72,7000
height,8,7,116,6141
height,8,8,38,5838
height,8,9,125,5623
height,8,10,67,5400
height,8,11,111,5362
height,8,12,43,5253
height,8,13,20,5153
height,8,14,35,4967
height,8,15,3,4932
height,8,16,23,4555
height,8,17,94,4547
height,8,18,27,4310
height,8,19,78,4275
height,8,20,81,4272
height,9,1,49,12005
height,9,2,10,11932
height,9,3,27,11347
height,9,4,28,10065
height,9,5,86,9557
height,9,6,114,9240
height,9,7,57,7278
height,9,8,87,6916
height,9,9,5,6741
height,9,10,41,6488
height,9,11,30,6367
height,9,12,69,6166
height,9,13,37,5737
height,9,14,40,5614
height,9,15,90,5385
height,9,16,104,5266
height,9,17,32,4318
height,9,18,54,4222
height,9,19,74,3946
height,9,20,122,3818
height,10,1,65,9235
height,10,2,26,7579
height,10,3,53,7113
height,10,4,47,6643
height,10,5,45,6386
height,10,6,101,6385
height,10,7,30,6285
height,10,8,20,5711
height,10,9,96,5594
height,10,10,14,5482
height,10,11,86,5477
height,10,12,100,5379
height,10,13,3,5368
height,10,14,116,5028
height,10,15,56,4825
height,10,16,93,4763
height,10,17,15,4699
height,10,18,109,4463
height,10,19,123,3895
height,10,20,95,3673
height,11,1,39,11972
height,11,2,41,10741
height,11,3,64,7901
height,11,4,42,6763
height,11,5,126,6081
height,11,6,96,5750
height,11,7,28,5493
height,11,8,73,5241
height,11,9,35,5210
height,11,10,1,4518
height,11,11,118,4464
height,11,12,122,4373
height,11,13,27,4162
height,11,14,67,3784
height,11,15,21,3771
height,11,16,19,3713
height,11,17,103,3634
height,11,18,16,3377
height,11,19,97,3334
height,11,20,50,3321
height,12,1,85,12280
height,12,2,121,11488
height,12,3,56,7106
height,12,4,119,6732
height,12,5,62,6728
height,12,6,103,6589
height,12,7,116,6239
height,12,8,94,6158
height,12,9,9,6135
height,12,10,0,6130
height,12,11,95,6010
height,12,12,60,4922
height,12,13,38,4494
height,12,14,120,4492
height,12,15,82,4464
height,12,16,76,4413
height,12,17,46,4376
height,12,18,113,4323
height,12,19,68,4037
height,12,20,17,3874
height,13,1,14,8303
height,13,2,111,7963
height,13,3,105,7876
height,13,4,42,6975
height,13,5,57,6903
height,13,6,109,6762
height,13,7,88,6230
height,13,8,122,6226
height,13,9,68,5893
height,13,10,25,5847
height,13,11,89,5656
height,13,12,62,5323
height,13,13,123,5135
height,13,14,107,4892
height,13,15,60,4435
height,13,16,18,4385
height,13,17,125,4335
height,13,18,66,4282
height,13,19,39,4224
height,13,20,36,3941
height,14,1,51,16792
height,14,2,93,11316
height,14,3,25,10640
height,14,4,53,10586
height,14,5,36,10323
height,14,6,88,9389
height,14,7,41,7332
height,14,8,13,7148
height,14,9,107,5398
height,14,10,60,5294
height,14,11,75,5274
height,14,12,81,5148
height,14,13,18,4986
height,14,14,6,4919
height,14,15,96,4758
height,14,16,108,4589
height,14,17,16,4165
height,14,18,85,3911
height,14,19,20,3694
height,14,20,100,3453
height,15,1,57,16581
height,15,2,116,12460
height,15,3,7,11013
height,15,4,59,9420
height,15,5,37,8674
height,15,6,53,6606
height,15,7,20,6035
height,15,8,123,5935
height,15,9,82,5827
height,15,10,120,5349
height,15,11,18,5301
height,15,12,80,5067
height,15,13,10,4886
height,15,14,43,4848
height,15,15,58,4775
height,15,16,115,4501
height,15,17,28,4245
height,15,18,125,4026
height,15,19,56,3736
height,15,20,96,3716
height,16,1,36,15669
height,16,2,126,11939
height,16,3,101,9317
height,16,4,79,8419
height,16,5,37,8288
height,16,6,89,7744
height,16,7,44,7169
height,16,8,52,6379
height,16,9,108,6377
height,16,10,98,6122
height,16,11,83,6086
height,16,12,115,6055
height,16,13,110,5900
height,16,14,77,5284
height,16,15,80,5249
height,16,16,22,4785
height,16,17,100,4359
height,16,18,103,4327
height,16,19,34,4301
height,16,20,13,4283
height,17,1,62,11979
height,17,2,36,10177
height,17,3,0,8815
height,17,4,18,8773
height,17,5,83,8559
height,17,6,86,7920
height,17,7,127,6543
height,17,8,120,5851
height,17,9,35,5604
height,17,10,121,5464
height,17,11,78,5306
height,17,12,65,5004
height,17,13,88,4971
height,17,14,66,4733
height,17,15,55,4623
height,17,16,81,4292
height,17,17,117,4185
height,17,18,92,4105
height,17,19,54,3987
height,17,20,11,3941
height,18,1,74,17983
height,18,2,1,16738
height,18,3,86,14850
height,18,4,71,12097
height,18,5,62,10783
height,18,6,109,9727
height,18,7,8,9129
height,18,8,27,8573
height,18,9,111,7619
height,18,10,34,6620
height,18,11,20,6573
height,18,12,116,6487
height,18,13,7,6408
height,18,14,53,5446
height,18,15,16,5367
height,18,16,98,5045
height,18,17,75,4860
height,18,18,79,4073
height,18,19,80,3844
height,18,20,19,3836
height,19,1,83,15703
height,19,2,28,13507
height,19,3,115,11437
height,19,4,17,11432
height,19,5,111,10175
height,19,6,30,9552
height,19,7,41,9083
height,19,8,18,8581
height,19,9,109,8431
height,19,10,103,7559
height,19,11,64,7230
height,19,12,92,7207
height,19,13,106,6968
height,19,14,53,5934
height,19,15,91,4425
height,19,16,73,4293
height,19,17,13,3803
height,19,18,62,3698
height,19,19,96,3632
height,19,20,113,3625
height,20,1,46,15393
height,20,2,88,14908
height,20,3,21,13171
height,20,4,72,11747
height,20,5,20,10738
height,20,6,111,8979
height,20,7,23,7377
height,20,8,107,7070
height,20,9,103,6530
height,20,10,15,6504
height,20,11,27,5483
height,20,12,67,5310
height,20,13,38,5210
height,20,14,125,5134
height,20,15,43,4999
height,20,16,35,4897
height,20,17,8,4749
height,20,18,78,4692
height,20,19,81,4626
height,20,20,94,4148
height,21,1,28,14118
height,21,2,10,13306
height,21,3,49,12716
height,21,4,86,11535
height,21,5,104,9496
height,21,6,114,9452
height,21,7,40,9079
height,21,8,30,8563
height,21,9,5,8322
height,21,10,87,7740
height,21,11,37,7661
height,21,12,23,6745
height,21,13,57,5710
height,21,14,41,4828
height,21,15,27,4360
height,21,16,79,3966
height,21,17,122,3600
height,21,18,59,3383
height,21,19,43,3252
height,21,20,83,3243
height,22,1,26,9798
height,22,2,86,9210
height,22,3,98,7288
height,22,4,65,6987
height,22,5,124,6691
height,22,6,20,6530
height,22,7,116,6519
height,22,8,96,6292
height,22,9,45,5881
height,22,10,109,5672
height,22,11,47,5126
height,22,12,111,4658
height,22,13,100,4514
height,22,14,15,4385
height,22,15,30,4342
height,22,16,82,4303
height,22,17,110,4264
height,22,18,76,4235
height,22,19,23,4216
height,22,20,127,4165
height,23,1,41,11294
height,23,2,39,9379
height,23,3,64,8932
height,23,4,42,8328
height,23,5,96,7158
height,23,6,22,6594
height,23,7,21,6591
height,23,8,85,5756
height,23,9,73,5599
height,23,10,1,5410
height,23,11,28,5198
height,23,12,126,5192
height,23,13,118,4898
height,23,14,97,4711
height,23,15,67,4658
height,23,16,19,4216
height,23,17,122,4182
height,23,18,116,4108
height,23,19,55,3915
height,23,20,79,3731
height,24,1,121,13059
height,24,2,85,12789
height,24,3,119,10009
height,24,4,95,9824
height,24,5,0,6968
height,24,6,113,6049
height,24,7,103,5991
height,24,8,25,5459
height,24,9,17,5420
height,24,10,56,5397
height,24,11,65,5224
height,24,12,36,5113
height,24,13,62,5008
height,24,14,126,4779
height,24,15,9,4570
height,24,16,116,4569
height,24,17,60,4394
height,24,18,38,4255
height,24,19,67,4248
height,24,20,64,4112
height,25,1,104,9807
height,25,2,125,7951
height,25,3,122,7800
height,25,4,105,7123
height,25,5,68,6825
height,25,6,111,6453
height,25,7,57,5843
height,25,8,36,5700
height,25,9,127,5513
height,25,10,62,5378
height,25,11,14,5362
height,25,12,63,5216
height,25,13,99,5204
height,25,14,107,5083
height,25,15,109,5080
height,25,16,42,5049
height,25,17,95,4956
height,25,18,0,4836
height,25,19,32,4767
height,25,20,70,3836
height,26,1,51,14689
height,26,2,53,10278
height,26,3,36,8845
height,26,4,71,8056
height,26,5,88,7960
height,26,6,25,6801
height,26,7,118,6681
height,26,8,93,6406
height,26,9,108,5868
height,26,10,22,5798
height,26,11,60,5482
height,26,12,13,5114
height,26,13,107,5044
height,26,14,81,4655
height,26,15,96,4632
height,26,16,75,4630
height,26,17,21,4432
height,26,18,52,4200
height,26,19,15,4040
height,26,20,110,3674
height,27,1,57,16359
height,27,2,7,11859
height,27,3,116,11517
height,27,4,37,9370
height,27,5,59,8676
height,27,6,126,8094
height,27,7,120,6661
height,27,8,18,6195
height,27,9,53,6072
height,27,10,115,4974
height,27,11,43,4839
height,27,12,71,4726
height,27,13,93,4230
height,27,14,58,4159
height,27,15,76,3989
height,27,16,83,3941
height,27,17,123,3841
height,27,18,90,3721
height,27,19,20,3682
height,27,20,125,3592
height,28,1,36,12640
height,28,2,126,12055
height,28,3,101,11915
height,28,4,89,10201
height,28,5,79,10173
height,28,6,85,9566
height,28,7,37,7327
height,28,8,98,6280
height,28,9,44,5881
height,28,10,13,5464
height,28,11,83,5270
height,28,12,80,5180
height,28,13,100,5103
height,28,14,105,4877
height,28,15,50,4876
height,28,16,103,4731
height,28,17,65,4642
height,28,18,34,4351
height,28,19,42,4303
height,28,20,110,4260
height,29,1,18,11284
height,29,2,62,10212
height,29,3,72,6815
height,29,4,126,6586
height,29,5,86,6183
height,29,6,36,6066
height,29,7,83,5960
height,29,8,92,5601
height,29,9,88,5489
height,29,10,78,5450
height,29,11,122,5217
height,29,12,81,5055
height,29,13,121,4688
height,29,14,2,4599
height,29,15,127,4367
height,29,16,0,4282
height,29,17,59,4176
height,29,18,54,4139
height,29,19,66,4127
height,29,20,11,4115
height,30,1,74,17312
height,30,2,1,13916
height,30,3,71,11330
height,30,4,86,11053
height,30,5,27,10373
height,30,6,109,10229
height,30,7,62,9079
height,30,8,20,8974
height,30,9,59,7380
height,30,10,8,6745
height,30,11,118,6318
height,30,12,111,5212
height,30,13,75,4859
height,30,14,26,4786
height,30,15,70,4546
height,30,16,116,4280
height,30,17,7,4202
height,30,18,123,4187
height,30,19,14,4162
height,30,20,24,3781
height,31,1,83,12290
height,31,2,28,12285
height,31,3,109,10984
height,31,4,103,10570
height,31,5,30,10378
height,31,6,111,10230
height,31,7,17,9799
height,31,8,18,7887
height,31,9,106,6714
height,31,10,41,5846
height,31,11,9,5575
height,31,12,96,5014
height,31,13,64,4908
height,31,14,105,4518
height,31,15,92,4472
height,31,16,53,4393
height,31,17,55,4124
height,31,18,82,4096
height,31,19,113,3739
height,31,20,62,3696
height,32,1,88,13981
height,32,2,46,11020
height,32,3,21,10985
height,32,4,72,9023
height,32,5,111,8508
height,32,6,67,8276
height,32,7,107,7473
height,32,8,9,6976
height,32,9,15,6824
height,32,10,35,6511
height,32,11,23,5996
height,32,12,41,5760
height,32,13,38,5407
height,32,14,20,4995
height,32,15,79,4233
height,32,16,103,4219
height,32,17,4,4109
height,32,18,125,4051
height,32,19,116,3757
height,32,20,57,3714
height,33,1,28,11383
height,33,2,49,10723
height,33,3,86,10153
height,33,4,104,9186
height,33,5,5,7156
height,33,6,57,6877
height,33,7,114,6844
height,33,8,37,6740
height,33,9,23,6731
height,33,10,40,6445
height,33,11,30,6311
height,33,12,69,6018
height,33,13,10,5983
height,33,14,87,5073
height,33,15,27,4553
height,33,16,59,4451
height,33,17,122,4377
height,33,18,68,3873
height,33,19,83,3606
height,33,20,54,3504
height,34,1,26,7959
height,34,2,65,7708
height,34,3,33,7663
height,34,4,45,6871
height,34,5,86,6220
height,34,6,47,5941
height,34,7,98,5629
height,34,8,116,5579
height,34,9,109,5382
height,34,10,82,5209
height,34,11,124,4858
height,34,12,40,4502
height,34,13,15,4427
height,34,14,20,4338
height,34,15,13,4250
height,34,16,100,4228
height,34,17,103,4134
height,34,18,30,4104
height,34,19,2,4041
height,34,20,101,3824
height,35,1,4,9442
height,35,2,39,9221
height,35,3,41,7771
height,35,4,126,6620
height,35,5,21,6597
height,35,6,64,6470
height,35,7,28,5382
height,35,8,1,5288
height,35,9,79,4989
height,35,10,78,4590
height,35,11,100,4220
height,35,12,19,4091
height,35,13,96,4014
height,35,14,5,3834
height,35,15,50,3782
height,35,16,55,3562
height,35,17,58,3463
height,35,18,3,3438
height,35,19,118,3351
height,35,20,88,3248
height,36,1,121,12248
height,36,2,85,10669
height,36,3,95,10184
height,36,4,119,9110
height,36,5,17,5938
height,36,6,103,5443
height,36,7,56,5003
height,36,8,110,4810
height,36,9,57,4778
height,36,10,60,4772
height,36,11,62,4586
height,36,12,65,4372
height,36,13,126,4282
height,36,14,109,4027
height,36,15,36,4015
height,36,16,25,3961
height,36,17,74,3849
height,36,18,116,3516
height,36,19,32,3461
height,36,20,90,3400
height,37,1,104,13467
height,37,2,20,6826
height,37,3,105,6257
height,37,4,36,6190
height,37,5,0,5584
height,37,6,14,5103
height,37,7,66,4947
height,37,8,102,4728
height,37,9,125,4645
height,37,10,26,4524
height,37,11,47,4483
height,37,12,127,4356
height,37,13,42,4126
height,37,14,113,4124
height,37,15,95,4048
height,37,16,12,4024
height,37,17,25,3983
height,37,18,70,3949
height,37,19,68,3655
height,37,20,48,3497
height,38,1,51,11293
height,38,2,53,8563
height,38,3,96,7263
height,38,4,22,7236
height,38,5,125,6142
height,38,6,46,5827
height,38,7,64,5476
height,38,8,36,5089
height,38,9,108,5020
height,38,10,88,4981
height,38,11,93,4891
height,38,12,100,4442
height,38,13,81,4137
height,38,14,25,3995
height,38,15,75,3959
height,38,16,90,3892
height,38,17,13,3844
height,38,18,16,3747
height,38,19,85,3705
height,38,20,97,3651
height,39,1,57,12180
height,39,2,59,10999
height,39,3,116,9008
height,39,4,120,6185
height,39,5,46,5913
height,39,6,27,5686
height,39,7,7,5431
height,39,8,123,5327
height,39,9,115,5307
height,39,10,18,5068
height,39,11,125,4892
height,39,12,49,4787
height,39,13,11,4539
height,39,14,37,4296
height,39,15,51,4261
height,39,16,10,3937
height,39,17,70,3830
height,39,18,53,3828
height,39,19,75,3805
height,39,20,93,3721
height,40,1,126,8654
height,40,2,89,7697
height,40,3,115,7442
height,40,4,101,6161
height,40,5,103,5919
height,40,6,51,5514
height,40,7,67,5428
height,40,8,36,5421
height,40,9,70,5241
height,40,10,13,4944
height,40,11,109,4919
height,40,12,5,4851
height,40,13,17,4558
height,40,14,111,4495
height,40,15,83,4287
height,40,16,85,4196
height,40,17,80,4089
height,40,18,81,4034
height,40,19,34,3921
height,40,20,40,3753
height,41,1,62,7844
height,41,2,18,6719
height,41,3,122,6465
height,41,4,54,5934
height,41,5,126,5792
height,41,6,88,5593
height,41,7,86,5586
height,41,8,71,5085
height,41,9,58,4905
height,41,10,90,4584
height,41,11,66,4502
height,41,12,26,4426
height,41,13,81,4358
height,41,14,127,4350
height,41,15,92,4342
height,41,16,23,4217
height,41,17,61,4159
height,41,18,53,4107
height,41,19,21,4016
height,41,20,49,3859
height,42,1,80,8406
height,42,2,8,7807
height,42,3,9,7578
height,42,4,32,6969
height,42,5,36,6265
height,42,6,113,5675
height,42,7,98,5661
height,42,8,29,5131
height,42,9,86,4973
height,42,10,56,4428
height,42,11,102,4366
height,42,12,20,4157
height,42,13,59,4089
height,42,14,39,4066
height,42,15,77,3947
height,42,16,55,3928
height,42,17,18,3897
height,42,18,106,3650
height,42,19,71,3569
height,42,20,6,3540
height,43,1,78,12678
height,43,2,45,11879
height,43,3,114,8622
height,43,4,59,6656
height,43,5,16,6442
height,43,6,34,6441
height,43,7,80,6036
height,43,8,72,5790
height,43,9,25,5646
height,43,10,92,5185
height,43,11,65,5096
height,43,12,107,4692
height,43,13,31,4594
height,43,14,96,4223
height,43,15,87,4160
height,43,16,121,3905
height,43,17,112,3611
height,43,18,47,3575
height,43,19,86,3523
height,43,20,71,3399
height,44,1,14,13018
height,44,2,84,7993
height,44,3,116,7318
height,44,4,47,6856
height,44,5,21,6797
height,44,6,68,6360
height,44,7,121,6286
height,44,8,92,5913
height,44,9,94,5849
height,44,10,32,5416
height,44,11,90,4724
height,44,12,41,4623
height,44,13,8,4531
height,44,14,72,4522
height,44,15,76,4025
height,44,16,59,4020
height,44,17,77,3853
height,44,18,102,3836
height,44,19,31,3813
height,44,20,20,3494
height,45,1,1,13813
height,45,2,45,10985
height,45,3,107,10073
height,45,4,89,8468
height,45,5,85,7568
height,45,6,66,6055
height,45,7,63,5918
height,45,8,82,5343
height,45,9,124,5078
height,45,10,6,5030
height,45,11,84,4920
height,45,12,123,4783
height,45,13,108,4717
height,45,14,104,4447
height,45,15,103,4219
height,45,16,70,3974
height,45,17,28,3836
height,45,18,76,3695
height,45,19,29,3554
height,45,20,94,3546
height,46,1,102,10366
height,46,2,19,8892
height,46,3,38,6262
height,46,4,119,6028
height,46,5,75,5849
height,46,6,123,4937
height,46,7,67,4636
height,46,8,71,4128
height,46,9,114,4041
height,46,10,118,4040
height,46,11,51,3926
height,46,12,8,3921
height,46,13,34,3836
height,46,14,88,3823
height,46,15,115,3800
height,46,16,52,3768
height,46,17,83,3741
height,46,18,5,3684
height,46,19,29,3661
height,46,20,3,3615
height,47,1,14,7645
height,47,2,26,6817
height,47,3,126,6629
height,47,4,15,5517
height,47,5,73,4908
height,47,6,20,4899
height,47,7,21,4841
height,47,8,22,4820
height,47,9,36,4733
height,47,10,120,4720
height,47,11,103,4475
height,47,12,127,4381
height,47,13,105,4280
height,47,14,57,4213
height,47,15,27,4189
height,47,16,66,4094
height,47,17,54,4047
height,47,18,63,3945
height,47,19,109,3920
height,47,20,121,3854
ordering,0,1,112,8407
ordering,0,2,23,7538
ordering,0,3,77,7073
ordering,0,4,72,6702
ordering,0,5,12,6362
ordering,0,6,100,6161
ordering,0,7,36,6144
ordering,0,8,79,5410
ordering,0,9,29,5054
ordering,0,10,106,4830
ordering,0,11,102,4708
ordering,0,12,28,4371
ordering,0,13,58,4368
ordering,0,14,22,4359
ordering,0,15,125,4330
ordering,0,16,98,4323
ordering,0,17,30,4298
ordering,0,18,78,4283
ordering,0,19,62,4232
ordering,0,20,31,4198
ordering,1,1,88,8064
ordering,1,2,4,7048
ordering,1,3,70,6962
ordering,1,4,119,6375
ordering,1,5,80,6060
ordering,1,6,127,6055
ordering,1,7,59,6020
ordering,1,8,29,5899
ordering,1,9,48,5735
ordering,1,10,45,5702
ordering,1,11,114,5577
ordering,1,12,104,5221
ordering,1,13,94,4854
ordering,1,14,85,4843
ordering,1,15,91,4739
ordering,1,16,87,4601
ordering,1,17,75,4269
ordering,1,18,16,4245
ordering,1,19,8,4156
ordering,1,20,116,4079
ordering,2,1,47,14161
ordering,2,2,40,9703
ordering,2,3,36,9466
ordering,2,4,37,6962
ordering,2,5,125,6410
ordering,2,6,90,6109
ordering,2,7,2,5952
ordering,2,8,76,5921
ordering,2,9,15,5822
ordering,2,10,25,5485
ordering,2,11,127,4920
ordering,2,12,87,4784
ordering,2,13,66,4686
ordering,2,14,53,4632
ordering,2,15,126,4612
ordering,2,16,31,4564
ordering,2,17,30,4511
ordering,2,18,21,4323
ordering,2,19,88,4029
ordering,2,20,44,4004
ordering,3,1,84,22706
ordering,3,2,16,14464
ordering,3,3,43,10192
ordering,3,4,95,7297
ordering,3,5,77,6770
ordering,3,6,103,6222
ordering,3,7,92,5962
ordering,3,8,59,5879
ordering,3,9,27,5524
ordering,3,10,115,5512
ordering,3,11,113,5383
ordering,3,12,82,5245
ordering,3,13,79,5018
ordering,3,14,6,5002
ordering,3,15,88,4867
ordering,3,16,26,4723
ordering,3,17,89,4675
ordering,3,18,10,4436
ordering,3,19,90,4435
ordering,3,20,36,4408
ordering,4,1,104,18836
ordering,4,2,4,11487
ordering,4,3,32,10449
ordering,4,4,15,9528
ordering,4,5,36,9236
ordering,4,6,11,8176
ordering,4,7,101,7426
ordering,4,8,10,7273
ordering,4,9,109,6630
ordering,4,10,52,6555
ordering,4,11,34,6290
ordering,4,12,30,5930
ordering,4,13,73,5824
ordering,4,14,27,5737
ordering,4,15,79,5340
ordering,4,16,13,5270
ordering,4,17,82,5150
ordering,4,18,85,5033
ordering,4,19,111,4922
ordering,4,20,105,4642
ordering,5,1,70,12280
ordering,5,2,12,12231
ordering,5,3,13,11667
ordering,5,4,44,11185
ordering,5,5,76,10902
ordering,5,6,56,10439
ordering,5,7,74,8762
ordering,5,8,117,6714
ordering,5,9,54,6350
ordering,5,10,10,6231
ordering,5,11,68,6114
ordering,5,12,127,5988
ordering,5,13,105,5578
ordering,5,14,53,5571
ordering,5,15,14,5475
ordering,5,16,17,5138
ordering,5,17,73,5128
ordering,5,18,33,4867
ordering,5,19,111,4670
ordering,5,20,48,4569
ordering,6,1,71,22104
ordering,6,2,74,20477
ordering,6,3,8,16229
ordering,6,4,53,11407
ordering,6,5,40,10839
ordering,6,6,27,10235
ordering,6,7,34,9616
ordering,6,8,104,9258
ordering,6,9,19,8592
ordering,6,10,109,8307
ordering,6,11,16,7627
ordering,6,12,1,6882
ordering,6,13,111,6820
ordering,6,14,86,6420
ordering,6,15,13,6287
ordering,6,16,116,5997
ordering,6,17,118,5747
ordering,6,18,62,5705
ordering,6,19,79,5615
ordering,6,20,44,4972
ordering,7,1,109,24298
ordering,7,2,30,24121
ordering,7,3,18,20164
ordering,7,4,103,15300
ordering,7,5,28,9946
ordering,7,6,106,8969
ordering,7,7,92,8586
ordering,7,8,97,8064
ordering,7,9,83,8037
ordering,7,10,34,7330
ordering,7,11,41,7301
ordering,7,12,73,6723
ordering,7,13,17,5582
ordering,7,14,114,5046
ordering,7,15,75,4939
ordering,7,16,64,4860
ordering,7,17,82,4833
ordering,7,18,123,4704
ordering,7,19,59,4498
ordering,7,20,107,4486
ordering,8,1,46,24010
ordering,8,2,72,14609
ordering,8,3,88,13819
ordering,8,4,3,12813
ordering,8,5,21,11777
ordering,8,6,107,8150
ordering,8,7,49,7632
ordering,8,8,81,7513
ordering,8,9,67,7401
ordering,8,10,15,7362
ordering,8,11,111,7041
ordering,8,12,20,6488
ordering,8,13,38,6472
ordering,8,14,35,6433
ordering,8,15,116,6137
ordering,8,16,28,5439
ordering,8,17,80,5329
ordering,8,18,99,4815
ordering,8,19,125,4645
ordering,8,20,41,4639
ordering,9,1,27,22447
ordering,9,2,114,22155
ordering,9,3,49,21768
ordering,9,4,10,20351
ordering,9,5,30,13393
ordering,9,6,57,10349
ordering,9,7,87,9954
ordering,9,8,69,8715
ordering,9,9,104,8055
ordering,9,10,32,7790
ordering,9,11,77,7124
ordering,9,12,122,5901
ordering,9,13,62,5407
ordering,9,14,28,5259
ordering,9,15,5,5183
ordering,9,16,48,5099
ordering,9,17,41,4970
ordering,9,18,64,4860
ordering,9,19,45,4679
ordering,9,20,86,4530
ordering,10,1,100,10956
ordering,10,2,65,10745
ordering,10,3,45,10551
ordering,10,4,101,10543
ordering,10,5,53,10445
ordering,10,6,47,10027
ordering,10,7,26,9062
ordering,10,8,86,8512
ordering,10,9,56,7998
ordering,10,10,110,7409
ordering,10,11,116,7396
ordering,10,12,14,7031
ordering,10,13,109,6995
ordering,10,14,93,6293
ordering,10,15,74,5956
ordering,10,16,127,5940
ordering,10,17,111,5757
ordering,10,18,30,5310
ordering,10,19,90,5184
ordering,10,20,95,4859
ordering,11,1,39,17035
ordering,11,2,64,16361
ordering,11,3,118,8936
ordering,11,4,10,8107
ordering,11,5,41,7935
ordering,11,6,96,7520
ordering,11,7,42,7160
ordering,11,8,28,6247
ordering,11,9,126,5857
ordering,11,10,1,5744
ordering,11,11,35,5612
ordering,11,12,47,5527
ordering,11,13,67,5389
ordering,11,14,116,5375
ordering,11,15,30,5263
ordering,11,16,71,4929
ordering,11,17,21,4911
ordering,11,18,26,4723
ordering,11,19,16,4565
ordering,11,20,79,4238
ordering,12,1,85,18732
ordering,12,2,119,18188
ordering,12,3,60,11243
ordering,12,4,95,10335
ordering,12,5,56,9532
ordering,12,6,62,8987
ordering,12,7,76,8167
ordering,12,8,0,7320
ordering,12,9,9,7061
ordering,12,10,64,6955
ordering,12,11,116,6916
ordering,12,12,120,6808
ordering,12,13,68,6427
ordering,12,14,113,6216
ordering,12,15,103,6147
ordering,12,16,100,6078
ordering,12,17,38,5280
ordering,12,18,17,5028
ordering,12,19,78,4458
ordering,12,20,94,4429
ordering,13,1,111,17572
ordering,13,2,42,14168
ordering,13,3,14,10900
ordering,13,4,122,8604
ordering,13,5,68,8569
ordering,13,6,107,7920
ordering,13,7,57,7639
ordering,13,8,115,7281
ordering,13,9,47,7019
ordering,13,10,109,6904
ordering,13,11,25,6261
ordering,13,12,113,6182
ordering,13,13,123,6169
ordering,13,14,88,5959
ordering,13,15,55,5866
ordering,13,16,18,5427
ordering,13,17,65,5412
ordering,13,18,41,5270
ordering,13,19,66,5237
ordering,13,20,105,5035
ordering,14,1,36,21401
ordering,14,2,25,17075
ordering,14,3,93,14470
ordering,14,4,88,12399
ordering,14,5,51,11516
ordering,14,6,13,11379
ordering,14,7,6,9548
ordering,14,8,53,8506
ordering,14,9,96,8167
ordering,14,10,16,6720
ordering,14,11,46,6535
ordering,14,12,118,6110
ordering,14,13,75,5815
ordering,14,14,107,5782
ordering,14,15,18,5738
ordering,14,16,81,4952
ordering,14,17,85,4828
ordering,14,18,28,4629
ordering,14,19,1,4571
ordering,14,20,111,4491
ordering,15,1,59,17837
ordering,15,2,57,15585
ordering,15,3,53,14254
ordering,15,4,120,11965
ordering,15,5,37,11239
ordering,15,6,115,8733
ordering,15,7,10,8111
ordering,15,8,82,8038
ordering,15,9,123,7193
ordering,15,10,18,7081
ordering,15,11,7,6930
ordering,15,12,22,6637
ordering,15,13,4,6607
ordering,15,14,116,6601
ordering,15,15,20,6259
ordering,15,16,28,5917
ordering,15,17,23,5907
ordering,15,18,83,5906
ordering,15,19,58,5033
ordering,15,20,90,4801
ordering,16,1,36,22916
ordering,16,2,89,11481
ordering,16,3,126,10122
ordering,16,4,98,9913
ordering,16,5,83,9143
ordering,16,6,80,9077
ordering,16,7,101,9019
ordering,16,8,115,8371
ordering,16,9,37,7379
ordering,16,10,110,7274
ordering,16,11,114,7124
ordering,16,12,34,6955
ordering,16,13,44,6861
ordering,16,14,77,6250
ordering,16,15,79,6230
ordering,16,16,105,6087
ordering,16,17,5,5783
ordering,16,18,29,5295
ordering,16,19,18,5258
ordering,16,20,103,5177
ordering,17,1,83,16579
ordering,17,2,18,12813
ordering,17,3,62,10862
ordering,17,4,88,9133
ordering,17,5,35,8909
ordering,17,6,0,8769
ordering,17,7,78,8636
ordering,17,8,91,7587
ordering,17,9,55,7502
ordering,17,10,120,7406
ordering,17,11,116,6607
ordering,17,12,66,6483
ordering,17,13,63,6379
ordering,17,14,2,6108
ordering,17,15,53,5884
ordering,17,16,36,5514
ordering,17,17,64,5470
ordering,17,18,11,5362
ordering,17,19,126,5087
ordering,17,20,97,4967
ordering,18,1,74,25446
ordering,18,2,71,23895
ordering,18,3,8,16717
ordering,18,4,86,16436
ordering,18,5,27,13840
ordering,18,6,116,11993
ordering,18,7,53,11786
ordering,18,8,1,11762
ordering,18,9,62,11661
ordering,18,10,7,8190
ordering,18,11,19,7637
ordering,18,12,75,6441
ordering,18,13,111,5414
ordering,18,14,79,5386
ordering,18,15,109,5292
ordering,18,16,24,4898
ordering,18,17,40,4674
ordering,18,18,30,4474
ordering,18,19,26,4289
ordering,18,20,101,4051
ordering,19,1,28,25888
ordering,19,2,30,23882
ordering,19,3,103,17558
ordering,19,4,18,15082
ordering,19,5,109,14433
ordering,19,6,115,14422
ordering,19,7,106,12152
ordering,19,8,64,12036
ordering,19,9,83,11782
ordering,19,10,17,11065
ordering,19,11,34,9914
ordering,19,12,41,6806
ordering,19,13,111,6229
ordering,19,14,92,5193
ordering,19,15,62,4875
ordering,19,16,85,4748
ordering,19,17,123,4547
ordering,19,18,59,4460
ordering,19,19,125,4006
ordering,19,20,97,3962
ordering,20,1,46,24523
ordering,20,2,72,17470
ordering,20,3,21,14175
ordering,20,4,88,13653
ordering,20,5,20,10793
ordering,20,6,15,10696
ordering,20,7,49,10332
ordering,20,8,111,9845
ordering,20,9,3,9572
ordering,20,10,107,7611
ordering,20,11,81,7571
ordering,20,12,23,7501
ordering,20,13,27,7003
ordering,20,14,35,6974
ordering,20,15,67,6755
ordering,20,16,103,5731
ordering,20,17,38,5027
ordering,20,18,125,4995
ordering,20,19,41,4416
ordering,20,20,28,4318
ordering,21,1,114,20566
ordering,21,2,49,20222
ordering,21,3,30,18381
ordering,21,4,10,18050
ordering,21,5,27,16998
ordering,21,6,104,15117
ordering,21,7,62,10959
ordering,21,8,28,9262
ordering,21,9,86,8840
ordering,21,10,87,7771
ordering,21,11,37,7545
ordering,21,12,5,7274
ordering,21,13,77,6751
ordering,21,14,57,6715
ordering,21,15,40,6518
ordering,21,16,69,5765
ordering,21,17,41,5643
ordering,21,18,45,4607
ordering,21,19,43,4218
ordering,21,20,118,3982
ordering,22,1,100,12448
ordering,22,2,86,11422
ordering,22,3,45,11422
ordering,22,4,26,11321
ordering,22,5,111,8908
ordering,22,6,98,8202
ordering,22,7,47,8006
ordering,22,8,109,7645
ordering,22,9,65,7584
ordering,22,10,101,7250
ordering,22,11,13,7050
ordering,22,12,116,6935
ordering,22,13,110,6799
ordering,22,14,20,6498
ordering,22,15,14,5914
ordering,22,16,83,5828
ordering,22,17,74,5812
ordering,22,18,127,5606
ordering,22,19,93,5423
ordering,22,20,49,5418
ordering,23,1,64,20516
ordering,23,2,39,13616
ordering,23,3,118,9593
ordering,23,4,126,9180
ordering,23,5,41,8219
ordering,23,6,42,8218
ordering,23,7,22,7894
ordering,23,8,96,7303
ordering,23,9,67,7288
ordering,23,10,21,7245
ordering,23,11,5,5652
ordering,23,12,30,5410
ordering,23,13,68,5355
ordering,23,14,1,5300
ordering,23,15,35,5056
ordering,23,16,116,4996
ordering,23,17,46,4984
ordering,23,18,78,4954
ordering,23,19,19,4415
ordering,23,20,10,4333
ordering,24,1,119,20877
ordering,24,2,85,15790
ordering,24,3,95,13756
ordering,24,4,60,9402
ordering,24,5,113,8925
ordering,24,6,121,7412
ordering,24,7,126,7066
ordering,24,8,36,7061
ordering,24,9,0,6833
ordering,24,10,17,6779
ordering,24,11,26,6747
ordering,24,12,116,6113
ordering,24,13,65,5956
ordering,24,14,56,5849
ordering,24,15,9,5718
ordering,24,16,64,5657
ordering,24,17,103,5600
ordering,24,18,76,5557
ordering,24,19,120,5204
ordering,24,20,55,5152
ordering,25,1,104,11542
ordering,25,2,111,11282
ordering,25,3,42,10390
ordering,25,4,115,9575
ordering,25,5,122,8612
ordering,25,6,68,7984
ordering,25,7,107,7678
ordering,25,8,32,7532
ordering,25,9,105,7061
ordering,25,10,36,6853
ordering,25,11,99,6263
ordering,25,12,14,6233
ordering,25,13,57,5790
ordering,25,14,47,5788
ordering,25,15,41,5541
ordering,25,16,70,5391
ordering,25,17,63,5377
ordering,25,18,22,5143
ordering,25,19,0,5089
ordering,25,20,109,4914
ordering,26,1,36,17590
ordering,26,2,25,15374
ordering,26,3,118,10989
ordering,26,4,7,10628
ordering,26,5,51,10309
ordering,26,6,88,10104
ordering,26,7,93,9272
ordering,26,8,53,8666
ordering,26,9,96,8291
ordering,26,10,108,6322
ordering,26,11,107,6264
ordering,26,12,13,5473
ordering,26,13,64,5460
ordering,26,14,47,5396
ordering,26,15,71,5228
ordering,26,16,75,5112
ordering,26,17,106,5089
ordering,26,18,60,5084
ordering,26,19,46,4491
ordering,26,20,16,4252
ordering,27,1,59,16803
ordering,27,2,37,15057
ordering,27,3,53,13702
ordering,27,4,57,12374
ordering,27,5,120,11302
ordering,27,6,115,10741
ordering,27,7,7,8219
ordering,27,8,90,8038
ordering,27,9,116,7644
ordering,27,10,83,7486
ordering,27,11,18,7237
ordering,27,12,126,6268
ordering,27,13,93,5977
ordering,27,14,78,5875
ordering,27,15,46,5515
ordering,27,16,4,5139
ordering,27,17,20,4949
ordering,27,18,56,4592
ordering,27,19,10,4520
ordering,27,20,22,4454
ordering,28,1,36,19857
ordering,28,2,89,13914
ordering,28,3,126,13151
ordering,28,4,101,11331
ordering,28,5,85,10095
ordering,28,6,98,7985
ordering,28,7,37,7730
ordering,28,8,79,7301
ordering,28,9,80,6958
ordering,28,10,44,6488
ordering,28,11,83,6413
ordering,28,12,65,6397
ordering,28,13,105,6325
ordering,28,14,114,6174
ordering,28,15,110,5724
ordering,28,16,34,5640
ordering,28,17,67,5246
ordering,28,18,5,4942
ordering,28,19,77,4922
ordering,28,20,20,4750
ordering,29,1,18,14636
ordering,29,2,83,10642
ordering,29,3,62,9236
ordering,29,4,88,8832
ordering,29,5,126,8000
ordering,29,6,72,7977
ordering,29,7,2,7169
ordering,29,8,90,6535
ordering,29,9,122,6305
ordering,29,10,91,6051
ordering,29,11,53,5930
ordering,29,12,66,5919
ordering,29,13,0,5782
ordering,29,14,23,5698
ordering,29,15,35,5567
ordering,29,16,63,5517
ordering,29,17,11,5288
ordering,29,18,78,5064
ordering,29,19,59,5049
ordering,29,20,64,4993
ordering,30,1,74,25429
ordering,30,2,71,20748
ordering,30,3,27,19592
ordering,30,4,59,12758
ordering,30,5,86,11326
ordering,30,6,8,10887
ordering,30,7,62,9058
ordering,30,8,75,8435
ordering,30,9,1,8407
ordering,30,10,19,7530
ordering,30,11,118,7196
ordering,30,12,109,7012
ordering,30,13,116,5917
ordering,30,14,26,5690
ordering,30,15,7,5532
ordering,30,16,40,5397
ordering,30,17,30,5374
ordering,30,18,53,5280
ordering,30,19,20,5045
ordering,30,20,119,5031
ordering,31,1,28,22822
ordering,31,2,30,21421
ordering,31,3,103,18675
ordering,31,4,109,15618
ordering,31,5,106,13969
ordering,31,6,18,12405
ordering,31,7,64,10497
ordering,31,8,17,9635
ordering,31,9,83,9604
ordering,31,10,34,7563
ordering,31,11,41,7149
ordering,31,12,115,6868
ordering,31,13,9,6366
ordering,31,14,85,5901
ordering,31,15,97,5410
ordering,31,16,105,5383
ordering,31,17,55,5201
ordering,31,18,62,4778
ordering,31,19,111,4136
ordering,31,20,82,4067
ordering,32,1,46,18356
ordering,32,2,88,15062
ordering,32,3,67,14639
ordering,32,4,72,13516
ordering,32,5,49,12064
ordering,32,6,21,11833
ordering,32,7,15,10192
ordering,32,8,3,9230
ordering,32,9,111,8355
ordering,32,10,9,8073
ordering,32,11,23,7322
ordering,32,12,41,6903
ordering,32,13,7,6676
ordering,32,14,81,6400
ordering,32,15,20,6196
ordering,32,16,35,5422
ordering,32,17,101,5300
ordering,32,18,39,5109
ordering,32,19,103,4932
ordering,32,20,38,4912
ordering,33,1,49,15695
ordering,33,2,30,14916
ordering,33,3,114,14061
ordering,33,4,27,12755
ordering,33,5,10,10174
ordering,33,6,104,8969
ordering,33,7,57,8944
ordering,33,8,62,8551
ordering,33,9,5,7636
ordering,33,10,77,7467
ordering,33,11,86,7421
ordering,33,12,69,7132
ordering,33,13,28,7074
ordering,33,14,40,6402
ordering,33,15,37,5437
ordering,33,16,87,5196
ordering,33,17,118,5091
ordering,33,18,122,4929
ordering,33,19,43,4781
ordering,33,20,45,4331
ordering,34,1,26,10152
ordering,34,2,65,10089
ordering,34,3,45,9849
ordering,34,4,101,8969
ordering,34,5,100,8922
ordering,34,6,47,8402
ordering,34,7,111,7709
ordering,34,8,116,7290
ordering,34,9,33,7270
ordering,34,10,109,7147
ordering,34,11,86,6989
ordering,34,12,13,6729
ordering,34,13,98,6257
ordering,34,14,2,5823
ordering,34,15,14,5745
ordering,34,16,74,5744
ordering,34,17,40,5098
ordering,34,18,127,4785
ordering,34,19,49,4752
ordering,34,20,23,4619
ordering,35,1,64,15516
ordering,35,2,39,14196
ordering,35,3,4,10019
ordering,35,4,126,9542
ordering,35,5,41,6802
ordering,35,6,1,6413
ordering,35,7,88,6054
ordering,35,8,21,6042
ordering,35,9,5,5590
ordering,35,10,79,5237
ordering,35,11,42,4932
ordering,35,12,82,4661
ordering,35,13,109,4571
ordering,35,14,28,4561
ordering,35,15,116,4413
ordering,35,16,78,4357
ordering,35,17,97,4236
ordering,35,18,30,4213
ordering,35,19,96,4198
ordering,35,20,118,4169
ordering,36,1,119,18737
ordering,36,2,85,14828
ordering,36,3,95,11374
ordering,36,4,60,7271
ordering,36,5,17,6831
ordering,36,6,126,6718
ordering,36,7,103,6440
ordering,36,8,121,5968
ordering,36,9,56,5963
ordering,36,10,124,5834
ordering,36,11,82,5362
ordering,36,12,25,5309
ordering,36,13,65,4840
ordering,36,14,0,4610
ordering,36,15,64,4517
ordering,36,16,76,4332
ordering,36,17,32,4330
ordering,36,18,92,4261
ordering,36,19,100,4214
ordering,36,20,57,4203
ordering,37,1,104,13148
ordering,37,2,68,7732
ordering,37,3,20,7689
ordering,37,4,0,7358
ordering,37,5,42,6925
ordering,37,6,66,6691
ordering,37,7,70,6685
ordering,37,8,113,6681
ordering,37,9,47,6082
ordering,37,10,105,5874
ordering,37,11,14,5760
ordering,37,12,36,5304
ordering,37,13,12,5101
ordering,37,14,49,5040
ordering,37,15,63,4757
ordering,37,16,107,4747
ordering,37,17,57,4642
ordering,37,18,26,4637
ordering,37,19,5,4571
ordering,37,20,79,4458
ordering,38,1,96,10982
ordering,38,2,36,9415
ordering,38,3,88,8075
ordering,38,4,93,6812
ordering,38,5,53,6786
ordering,38,6,125,6740
ordering,38,7,51,6726
ordering,38,8,25,6675
ordering,38,9,46,6639
ordering,38,10,16,6577
ordering,38,11,55,6145
ordering,38,12,118,6043
ordering,38,13,47,5825
ordering,38,14,81,5320
ordering,38,15,13,5267
ordering,38,16,6,5187
ordering,38,17,108,5165
ordering,38,18,60,4927
ordering,38,19,64,4794
ordering,38,20,85,4711
ordering,39,1,59,17467
ordering,39,2,120,10393
ordering,39,3,113,8152
ordering,39,4,115,7961
ordering,39,5,18,7761
ordering,39,6,46,7506
ordering,39,7,53,7353
ordering,39,8,57,6770
ordering,39,9,90,6317
ordering,39,10,116,6171
ordering,39,11,37,6143
ordering,39,12,123,6074
ordering,39,13,93,5951
ordering,39,14,11,5344
ordering,39,15,4,5152
ordering,39,16,107,5144
ordering,39,17,83,4884
ordering,39,18,20,4867
ordering,39,19,127,4687
ordering,39,20,35,4677
ordering,40,1,67,12350
ordering,40,2,89,11438
ordering,40,3,36,9081
ordering,40,4,70,7705
ordering,40,5,126,7671
ordering,40,6,59,7059
ordering,40,7,51,6356
ordering,40,8,5,5812
ordering,40,9,6,5764
ordering,40,10,109,5715
ordering,40,11,103,5705
ordering,40,12,83,5668
ordering,40,13,101,5554
ordering,40,14,17,5370
ordering,40,15,43,5344
ordering,40,16,115,5277
ordering,40,17,119,5055
ordering,40,18,77,4969
ordering,40,19,29,4947
ordering,40,20,44,4940
ordering,41,1,71,9617
ordering,41,2,18,8719
ordering,41,3,62,7428
ordering,41,4,126,6967
ordering,41,5,23,6603
ordering,41,6,66,6496
ordering,41,7,83,6072
ordering,41,8,81,5924
ordering,41,9,88,5921
ordering,41,10,2,5810
ordering,41,11,35,5571
ordering,41,12,115,5569
ordering,41,13,0,5535
ordering,41,14,63,5396
ordering,41,15,54,5243
ordering,41,16,65,5183
ordering,41,17,20,5176
ordering,41,18,64,5132
ordering,41,19,61,5090
ordering,41,20,59,5089
ordering,42,1,80,11874
ordering,42,2,29,9726
ordering,42,3,9,9677
ordering,42,4,36,9674
ordering,42,5,113,8535
ordering,42,6,18,7121
ordering,42,7,102,6438
ordering,42,8,32,6167
ordering,42,9,93,5838
ordering,42,10,126,5596
ordering,42,11,8,5554
ordering,42,12,59,5458
ordering,42,13,98,5408
ordering,42,14,90,5402
ordering,42,15,56,5169
ordering,42,16,27,5030
ordering,42,17,47,5027
ordering,42,18,5,4994
ordering,42,19,39,4770
ordering,42,20,21,4757
ordering,43,1,45,20431
ordering,43,2,78,19049
ordering,43,3,40,8894
ordering,43,4,114,8142
ordering,43,5,87,7989
ordering,43,6,25,7165
ordering,43,7,9,5994
ordering,43,8,47,5931
ordering,43,9,6,5870
ordering,43,10,125,5730
ordering,43,11,86,5452
ordering,43,12,31,5353
ordering,43,13,65,5341
ordering,43,14,121,5242
ordering,43,15,72,5231
ordering,43,16,29,4966
ordering,43,17,59,4811
ordering,43,18,107,4792
ordering,43,19,16,4654
ordering,43,20,112,4475
ordering,44,1,14,14637
ordering,44,2,121,14150
ordering,44,3,21,13573
ordering,44,4,47,9253
ordering,44,5,94,8364
ordering,44,6,68,7959
ordering,44,7,72,7757
ordering,44,8,116,7363
ordering,44,9,8,7194
ordering,44,10,20,6789
ordering,44,11,98,6570
ordering,44,12,13,6550
ordering,44,13,92,6306
ordering,44,14,32,5909
ordering,44,15,48,5845
ordering,44,16,65,5589
ordering,44,17,70,5306
ordering,44,18,110,5206
ordering,44,19,59,5084
ordering,44,20,90,4863
ordering,45,1,1,24844
ordering,45,2,45,14969
ordering,45,3,85,14020
ordering,45,4,84,12112
ordering,45,5,107,10733
ordering,45,6,89,9175
ordering,45,7,82,7887
ordering,45,8,35,7296
ordering,45,9,70,6730
ordering,45,10,111,6548
ordering,45,11,38,5792
ordering,45,12,66,5730
ordering,45,13,103,5630
ordering,45,14,80,5325
ordering,45,15,29,5153
ordering,45,16,87,4958
ordering,45,17,76,4900
ordering,45,18,83,4739
ordering,45,19,63,4669
ordering,45,20,23,4588
ordering,46,1,102,14064
ordering,46,2,75,12821
ordering,46,3,19,10859
ordering,46,4,119,10315
ordering,46,5,8,7423
ordering,46,6,114,7152
ordering,46,7,38,6911
ordering,46,8,5,6910
ordering,46,9,115,6820
ordering,46,10,52,6377
ordering,46,11,4,6235
ordering,46,12,31,6074
ordering,46,13,71,5924
ordering,46,14,123,5527
ordering,46,15,10,5295
ordering,46,16,9,4934
ordering,46,17,118,4930
ordering,46,18,1,4910
ordering,46,19,3,4817
ordering,46,20,80,4686
ordering,47,1,126,11841
ordering,47,2,66,8434
ordering,47,3,14,7231
ordering,47,4,36,6995
ordering,47,5,15,6922
ordering,47,6,47,6765
ordering,47,7,74,6542
ordering,47,8,120,6508
ordering,47,9,127,6436
ordering,47,10,123,6387
ordering,47,11,88,6253
ordering,47,12,20,6242
ordering,47,13,26,6113
ordering,47,14,73,5495
ordering,47,15,57,5494
ordering,47,16,31,5058
ordering,47,17,105,5032
ordering,47,18,90,4952
ordering,47,19,44,4775
ordering,47,20,121,4715
position,0,1,112,14365
position,0,2,12,12782
position,0,3,23,12399
position,0,4,29,11124
position,0,5,102,10883
position,0,6,51,10375
position,0,7,34,10296
position,0,8,57,10214
position,0,9,62,9280
position,0,10,77,9082
position,0,11,30,8907
position,0,12,99,8491
position,0,13,125,8233
position,0,14,72,8200
position,0,15,113,7994
position,0,16,100,7579
position,0,17,116,7306
position,0,18,114,7235
position,0,19,17,7167
position,0,20,119,6920
position,1,1,32,16364
position,1,2,59,10591
position,1,3,106,9925
position,1,4,100,9803
position,1,5,47,9273
position,1,6,102,9261
position,1,7,88,9219
position,1,8,119,9171
position,1,9,104,8747
position,1,10,84,8516
position,1,11,70,8249
position,1,12,4,8110
position,1,13,35,7838
position,1,14,123,7783
position,1,15,127,7765
position,1,16,8,7692
position,1,17,111,7691
position,1,18,36,7653
position,1,19,12,7613
position,1,20,80,7555
position,2,1,37,19047
position,2,2,47,17428
position,2,3,36,13701
position,2,4,40,12485
position,2,5,2,10727
position,2,6,25,9907
position,2,7,53,9342
position,2,8,85,9305
position,2,9,127,8799
position,2,10,31,8412
position,2,11,102,8127
position,2,12,21,7559
position,2,13,67,7545
position,2,14,5,7377
position,2,15,76,7297
position,2,16,110,7284
position,2,17,56,7138
position,2,18,75,6911
position,2,19,16,6895
position,2,20,49,6827
position,3,1,84,26573
position,3,2,95,19059
position,3,3,16,15424
position,3,4,43,14761
position,3,5,27,14164
position,3,6,113,13620
position,3,7,88,13000
position,3,8,103,9678
position,3,9,63,9547
position,3,10,126,9302
position,3,11,85,8836
position,3,12,77,8819
position,3,13,58,8749
position,3,14,49,8478
position,3,15,18,8118
position,3,16,92,7906
position,3,17,35,7638
position,3,18,115,7293
position,3,19,61,7037
position,3,20,93,6927
position,4,1,15,23094
position,4,2,104,17569
position,4,3,101,14791
position,4,4,109,13554
position,4,5,11,12946
position,4,6,33,12610
position,4,7,36,12285
position,4,8,2,12099
position,4,9,32,10725
position,4,10,49,10314
position,4,11,4,10140
position,4,12,72,9978
position,4,13,38,9858
position,4,14,28,9661
position,4,15,52,9454
position,4,16,13,8910
position,4,17,18,8803
position,4,18,30,8433
position,4,19,92,8025
position,4,20,66,7927
position,5,1,44,22596
position,5,2,14,19321
position,5,3,74,16107
position,5,4,53,13417
position,5,5,70,11891
position,5,6,76,11565
position,5,7,98,11562
position,5,8,13,11245
position,5,9,7,9803
position,5,10,121,9735
position,5,11,17,9173
position,5,12,25,8917
position,5,13,27,8815
position,5,14,12,8624
position,5,15,6,8600
position,5,16,73,8594
position,5,17,117,8356
position,5,18,35,8349
position,5,19,43,8121
position,5,20,96,8011
position,6,1,74,30789
position,6,2,71,20136
position,6,3,1,19129
position,6,4,8,17327
position,6,5,16,16952
position,6,6,40,16363
position,6,7,62,15831
position,6,8,27,13498
position,6,9,109,12793
position,6,10,104,12023
position,6,11,76,11959
position,6,12,53,11386
position,6,13,111,9919
position,6,14,34,9801
position,6,15,19,9492
position,6,16,29,9192
position,6,17,86,9128
position,6,18,116,9022
position,6,19,101,8869
position,6,20,44,8775
position,7,1,30,27586
position,7,2,83,22587
position,7,3,109,22572
position,7,4,92,21701
position,7,5,18,20660
position,7,6,107,19765
position,7,7,17,14811
position,7,8,103,14261
position,7,9,64,11890
position,7,10,23,11558
position,7,11,34,10623
position,7,12,82,9510
position,7,13,41,9208
position,7,14,16,8165
position,7,15,126,8093
position,7,16,111,7959
position,7,17,122,7896
position,7,18,96,7626
position,7,19,114,7479
position,7,20,65,7321
position,8,1,107,25057
position,8,2,88,20412
position,8,3,46,19650
position,8,4,21,18782
position,8,5,67,16065
position,8,6,72,14494
position,8,7,49,13990
position,8,8,125,13323
position,8,9,23,13316
position,8,10,78,12979
position,8,11,81,12921
position,8,12,43,11781
position,8,13,58,11746
position,8,14,71,11639
position,8,15,20,11072
position,8,16,126,10871
position,8,17,38,9765
position,8,18,3,9038
position,8,19,116,8961
position,8,20,119,7856
position,9,1,27,33211
position,9,2,28,22457
position,9,3,10,22082
position,9,4,114,19748
position,9,5,30,16751
position,9,6,49,16463
position,9,7,86,15920
position,9,8,5,15044
position,9,9,90,12138
position,9,10,57,11266
position,9,11,40,11146
position,9,12,87,10673
position,9,13,77,9999
position,9,14,108,9329
position,9,15,69,9016
position,9,16,37,8770
position,9,17,41,8503
position,9,18,32,8243
position,9,19,54,8043
position,9,20,101,7904
position,10,1,65,20696
position,10,2,93,17258
position,10,3,86,13354
position,10,4,96,13340
position,10,5,100,13256
position,10,6,101,12809
position,10,7,45,11890
position,10,8,53,11621
position,10,9,26,10956
position,10,10,109,9908
position,10,11,47,9351
position,10,12,56,9331
position,10,13,116,9328
position,10,14,15,9049
position,10,15,127,8169
position,10,16,14,7993
position,10,17,97,7936
position,10,18,111,7847
position,10,19,124,7750
position,10,20,123,7544
position,11,1,41,25372
position,11,2,64,19902
position,11,3,39,15749
position,11,4,42,15004
position,11,5,118,13029
position,11,6,1,12875
position,11,7,35,12000
position,11,8,27,11104
position,11,9,126,10955
position,11,10,21,10689
position,11,11,103,9932
position,11,12,73,9869
position,11,13,44,9652
position,11,14,10,9437
position,11,15,119,9116
position,11,16,88,8488
position,11,17,96,8037
position,11,18,28,7562
position,11,19,80,7173
position,11,20,26,7025
position,12,1,85,19107
position,12,2,119,18675
position,12,3,121,16389
position,12,4,95,13887
position,12,5,0,13294
position,12,6,57,12731
position,12,7,94,12298
position,12,8,29,11086
position,12,9,60,10846
position,12,10,103,10741
position,12,11,56,10430
position,12,12,113,9411
position,12,13,109,9081
position,12,14,68,8744
position,12,15,48,8585
position,12,16,76,8461
position,12,17,120,8411
position,12,18,17,8212
position,12,19,64,8163
position,12,20,38,8160
position,13,1,111,25361
position,13,2,42,17822
position,13,3,105,17089
position,13,4,88,14420
position,13,5,89,13769
position,13,6,57,13731
position,13,7,18,13417
position,13,8,25,11920
position,13,9,109,11773
position,13,10,14,10320
position,13,11,60,9998
position,13,12,7,9660
position,13,13,123,9618
position,13,14,68,9583
position,13,15,47,9089
position,13,16,122,8743
position,13,17,96,8490
position,13,18,107,8138
position,13,19,62,7828
position,13,20,94,7456
position,14,1,51,32047
position,14,2,25,25540
position,14,3,36,23269
position,14,4,93,21639
position,14,5,53,20172
position,14,6,88,14298
position,14,7,41,13689
position,14,8,108,12900
position,14,9,13,12646
position,14,10,60,10739
position,14,11,107,10320
position,14,12,18,9853
position,14,13,7,8441
position,14,14,125,8412
position,14,15,43,8313
position,14,16,85,8309
position,14,17,96,8290
position,14,18,16,8197
position,14,19,81,7993
position,14,20,46,7982
position,15,1,57,33338
position,15,2,116,22260
position,15,3,59,18844
position,15,4,53,17682
position,15,5,37,17234
position,15,6,7,14917
position,15,7,58,13040
position,15,8,28,12007
position,15,9,82,11498
position,15,10,20,11379
position,15,11,90,10615
position,15,12,120,9953
position,15,13,18,9857
position,15,14,83,9386
position,15,15,79,8944
position,15,16,96,8892
position,15,17,10,8809
position,15,18,80,8371
position,15,19,125,8046
position,15,20,123,7741
position,16,1,126,30272
position,16,2,36,29019
position,16,3,101,21001
position,16,4,37,19346
position,16,5,44,15351
position,16,6,80,12600
position,16,7,34,12344
position,16,8,108,11637
position,16,9,110,11196
position,16,10,98,10314
position,16,11,77,9903
position,16,12,89,9562
position,16,13,100,9514
position,16,14,5,9079
position,16,15,115,9033
position,16,16,79,7851
position,16,17,61,7338
position,16,18,13,7282
position,16,19,83,7148
position,16,20,50,7066
position,17,1,62,25693
position,17,2,36,18677
position,17,3,83,18621
position,17,4,0,15752
position,17,5,116,14241
position,17,6,18,13710
position,17,7,127,12506
position,17,8,78,11682
position,17,9,88,11394
position,17,10,35,11025
position,17,11,55,9969
position,17,12,121,9740
position,17,13,59,9700
position,17,14,120,9608
position,17,15,54,8949
position,17,16,11,8221
position,17,17,91,8016
position,17,18,63,7946
position,17,19,66,7897
position,17,20,10,7786
position,18,1,74,43821
position,18,2,1,30513
position,18,3,62,29632
position,18,4,86,22226
position,18,5,27,22064
position,18,6,71,20374
position,18,7,116,17305
position,18,8,111,14551
position,18,9,7,14537
position,18,10,8,14409
position,18,11,19,12682
position,18,12,109,12206
position,18,13,119,11675
position,18,14,101,11345
position,18,15,20,10903
position,18,16,53,9334
position,18,17,98,9121
position,18,18,72,8501
position,18,19,44,7449
position,18,20,82,6833
position,19,1,83,31878
position,19,2,17,27718
position,19,3,30,27116
position,19,4,28,23975
position,19,5,64,23494
position,19,6,103,18553
position,19,7,18,17449
position,19,8,109,15039
position,19,9,115,14658
position,19,10,106,14380
position,19,11,111,14082
position,19,12,41,13749
position,19,13,92,13418
position,19,14,34,12498
position,19,15,107,10025
position,19,16,53,9492
position,19,17,16,8998
position,19,18,13,8633
position,19,19,124,7980
position,19,20,82,7321
position,20,1,21,30672
position,20,2,46,26841
position,20,3,88,25748
position,20,4,20,21563
position,20,5,23,20699
position,20,6,72,20243
position,20,7,107,18334
position,20,8,67,16718
position,20,9,125,14122
position,20,10,15,13732
position,20,11,43,13718
position,20,12,111,10846
position,20,13,78,10554
position,20,14,81,10380
position,20,15,98,9977
position,20,16,58,9498
position,20,17,27,8963
position,20,18,38,8312
position,20,19,3,8144
position,20,20,94,7883
position,21,1,28,26557
position,21,2,86,24026
position,21,3,10,22107
position,21,4,114,22040
position,21,5,30,21457
position,21,6,5,19717
position,21,7,49,19144
position,21,8,40,18335
position,21,9,27,16226
position,21,10,37,15812
position,21,11,104,10603
position,21,12,79,9991
position,21,13,23,9935
position,21,14,87,9850
position,21,15,31,9646
position,21,16,59,9224
position,21,17,77,8535
position,21,18,57,8008
position,21,19,62,7673
position,21,20,41,7026
position,22,1,65,15939
position,22,2,86,15463
position,22,3,111,14012
position,22,4,20,13897
position,22,5,96,13115
position,22,6,124,13074
position,22,7,109,12586
position,22,8,26,12581
position,22,9,100,11568
position,22,10,98,11480
position,22,11,127,9521
position,22,12,30,9254
position,22,13,23,8909
position,22,14,103,8750
position,22,15,15,8697
position,22,16,116,8581
position,22,17,101,8458
position,22,18,13,8040
position,22,19,82,7910
position,22,20,110,7677
position,23,1,41,25446
position,23,2,64,22381
position,23,3,42,16441
position,23,4,22,15085
position,23,5,1,13787
position,23,6,39,13299
position,23,7,21,12406
position,23,8,96,12205
position,23,9,118,11924
position,23,10,126,11398
position,23,11,67,10607
position,23,12,97,10061
position,23,13,73,9966
position,23,14,78,8775
position,23,15,5,8678
position,23,16,35,8644
position,23,17,103,8396
position,23,18,94,8240
position,23,19,68,8126
position,23,20,27,7974
position,24,1,119,26153
position,24,2,121,22925
position,24,3,95,21050
position,24,4,85,17412
position,24,5,0,12513
position,24,6,60,12463
position,24,7,17,11605
position,24,8,57,11224
position,24,9,67,10752
position,24,10,103,10697
position,24,11,25,9944
position,24,12,29,9831
position,24,13,26,9121
position,24,14,113,9068
position,24,15,126,8551
position,24,16,36,8496
position,24,17,124,8216
position,24,18,35,8123
position,24,19,65,8060
position,24,20,109,7795
position,25,1,104,18784
position,25,2,105,17529
position,25,3,99,15106
position,25,4,42,14413
position,25,5,111,12884
position,25,6,68,11876
position,25,7,36,11775
position,25,8,63,11423
position,25,9,122,10904
position,25,10,115,10348
position,25,11,127,10183
position,25,12,27,9995
position,25,13,57,9916
position,25,14,88,9558
position,25,15,107,9052
position,25,16,109,8929
position,25,17,18,8733
position,25,18,32,8704
position,25,19,62,8162
position,25,20,125,8128
position,26,1,51,27740
position,26,2,53,21426
position,26,3,25,19296
position,26,4,36,16778
position,26,5,108,16645
position,26,6,7,14452
position,26,7,118,14206
position,26,8,93,13136
position,26,9,71,12399
position,26,10,107,12277
position,26,11,88,12249
position,26,12,96,10070
position,26,13,125,9885
position,26,14,13,9580
position,26,15,22,9479
position,26,16,60,9116
position,26,17,64,9078
position,26,18,81,7346
position,26,19,106,7222
position,26,20,19,6930
position,27,1,57,29140
position,27,2,116,21324
position,27,3,37,19781
position,27,4,7,19548
position,27,5,59,15770
position,27,6,126,13711
position,27,7,53,13224
position,27,8,120,12335
position,27,9,115,11523
position,27,10,90,10935
position,27,11,83,10364
position,27,12,58,10245
position,27,13,76,10136
position,27,14,43,9696
position,27,15,18,9321
position,27,16,79,9185
position,27,17,52,7884
position,27,18,78,7802
position,27,19,96,7761
position,27,20,3,7481
position,28,1,126,29534
position,28,2,101,23495
position,28,3,36,22967
position,28,4,37,18710
position,28,5,85,14896
position,28,6,79,14525
position,28,7,89,13509
position,28,8,80,12419
position,28,9,100,12133
position,28,10,34,11060
position,28,11,98,10468
position,28,12,44,9449
position,28,13,13,9435
position,28,14,60,8784
position,28,15,5,8277
position,28,16,50,7768
position,28,17,93,7724
position,28,18,42,7529
position,28,19,105,7370
position,28,20,110,7000
position,29,1,62,23132
position,29,2,72,16710
position,29,3,18,13873
position,29,4,126,12998
position,29,5,88,12826
position,29,6,59,12389
position,29,7,10,11579
position,29,8,122,10794
position,29,9,83,10353
position,29,10,81,10259
position,29,11,92,10132
position,29,12,108,9207
position,29,13,86,9144
position,29,14,66,9022
position,29,15,11,8889
position,29,16,121,8792
position,29,17,116,8516
position,29,18,36,8502
position,29,19,53,8401
position,29,20,90,8312
position,30,1,74,39649
position,30,2,62,23480
position,30,3,1,21493
position,30,4,27,20036
position,30,5,71,19811
position,30,6,86,16587
position,30,7,109,15021
position,30,8,59,14728
position,30,9,119,12293
position,30,10,111,12194
position,30,11,20,12025
position,30,12,101,11655
position,30,13,7,11170
position,30,14,116,11142
position,30,15,8,11028
position,30,16,19,10922
position,30,17,118,10515
position,30,18,98,7722
position,30,19,126,7520
position,30,20,12,7452
position,31,1,83,25514
position,31,2,103,23075
position,31,3,17,21743
position,31,4,28,21167
position,31,5,64,18697
position,31,6,30,18398
position,31,7,109,16109
position,31,8,106,15692
position,31,9,18,13144
position,31,10,111,12391
position,31,11,41,11620
position,31,12,55,11054
position,31,13,9,10437
position,31,14,82,9482
position,31,15,34,8953
position,31,16,113,8024
position,31,17,92,8007
position,31,18,13,7987
position,31,19,8,7896
position,31,20,107,7884
position,32,1,21,25732
position,32,2,67,24667
position,32,3,88,24276
position,32,4,46,17960
position,32,5,23,17218
position,32,6,9,17003
position,32,7,15,14447
position,32,8,72,12549
position,32,9,107,11513
position,32,10,43,11106
position,32,11,49,10576
position,32,12,125,10278
position,32,13,35,9284
position,32,14,111,9278
position,32,15,10,8927
position,32,16,20,8541
position,32,17,38,8514
position,32,18,3,7925
position,32,19,7,7543
position,32,20,101,7262
position,33,1,86,20240
position,33,2,28,19905
position,33,3,5,18668
position,33,4,30,17868
position,33,5,10,14173
position,33,6,37,13448
position,33,7,49,12450
position,33,8,114,12350
position,33,9,27,11782
position,33,10,23,11775
position,33,11,57,11274
position,33,12,31,11184
position,33,13,40,10854
position,33,14,68,9980
position,33,15,104,9244
position,33,16,54,8594
position,33,17,101,7995
position,33,18,39,7987
position,33,19,122,7900
position,33,20,59,7616
position,34,1,65,18960
position,34,2,33,14863
position,34,3,20,11438
position,34,4,109,11208
position,34,5,101,10217
position,34,6,13,9943
position,34,7,45,9931
position,34,8,2,9927
position,34,9,26,9365
position,34,10,100,9298
position,34,11,111,9285
position,34,12,86,8909
position,34,13,116,8559
position,34,14,11,8533
position,34,15,41,8462
position,34,16,30,8394
position,34,17,82,8392
position,34,18,103,8331
position,34,19,81,8174
position,34,20,51,7979
position,35,1,4,22938
position,35,2,41,17918
position,35,3,64,15532
position,35,4,39,15038
position,35,5,126,13106
position,35,6,1,12767
position,35,7,79,12417
position,35,8,21,11656
position,35,9,78,10230
position,35,10,51,9268
position,35,11,5,8185
position,35,12,123,7996
position,35,13,92,7833
position,35,14,94,7649
position,35,15,100,7209
position,35,16,96,7066
position,35,17,109,6749
position,35,18,26,6731
position,35,19,9,6631
position,35,20,88,6590
position,36,1,121,18994
position,36,2,119,18234
position,36,3,95,18214
position,36,4,85,13315
position,36,5,57,13067
position,36,6,109,11617
position,36,7,17,11320
position,36,8,60,9667
position,36,9,67,9271
position,36,10,124,9112
position,36,11,32,9036
position,36,12,90,8592
position,36,13,92,8017
position,36,14,36,8017
position,36,15,56,7949
position,36,16,98,7931
position,36,17,94,7767
position,36,18,103,7461
position,36,19,126,7116
position,36,20,3,6956
position,37,1,104,23110
position,37,2,20,15875
position,37,3,105,13378
position,37,4,36,12502
position,37,5,47,12270
position,37,6,42,11740
position,37,7,66,9576
position,37,8,70,9421
position,37,9,26,9313
position,37,10,0,9270
position,37,11,12,9026
position,37,12,88,8827
position,37,13,68,8477
position,37,14,25,7715
position,37,15,102,7294
position,37,16,95,7262
position,37,17,85,7217
position,37,18,113,7049
position,37,19,14,6996
position,37,20,74,6908
position,38,1,51,20648
position,38,2,125,14943
position,38,3,53,14864
position,38,4,96,14351
position,38,5,46,13195
position,38,6,108,13030
position,38,7,22,12493
position,38,8,93,12115
position,38,9,64,10460
position,38,10,36,9589
position,38,11,97,8943
position,38,12,88,8862
position,38,13,90,8285
position,38,14,100,8233
position,38,15,107,7916
position,38,16,19,7840
position,38,17,25,7640
position,38,18,81,7005
position,38,19,16,6989
position,38,20,32,6940
position,39,1,57,20856
position,39,2,59,20238
position,39,3,116,17371
position,39,4,46,11818
position,39,5,113,10602
position,39,6,53,10306
position,39,7,27,10277
position,39,8,51,9772
position,39,9,120,9730
position,39,10,37,9661
position,39,11,11,9605
position,39,12,125,9336
position,39,13,115,9221
position,39,14,76,8938
position,39,15,75,8845
position,39,16,22,8338
position,39,17,90,7794
position,39,18,79,7723
position,39,19,18,7617
position,39,20,58,7405
position,40,1,126,18262
position,40,2,67,13630
position,40,3,101,12828
position,40,4,5,12578
position,40,5,89,11605
position,40,6,70,11106
position,40,7,109,11101
position,40,8,36,10444
position,40,9,85,9755
position,40,10,6,9619
position,40,11,59,9132
position,40,12,118,8912
position,40,13,23,8830
position,40,14,34,8664
position,40,15,40,8484
position,40,16,103,8086
position,40,17,17,7941
position,40,18,51,7938
position,40,19,50,7713
position,40,20,3,7603
position,41,1,62,15731
position,41,2,71,13351
position,41,3,54,12482
position,41,4,122,12253
position,41,5,88,12111
position,41,6,126,11229
position,41,7,23,10541
position,41,8,59,10493
position,41,9,18,9800
position,41,10,61,9704
position,41,11,76,9482
position,41,12,90,9417
position,41,13,38,8242
position,41,14,56,8032
position,41,15,53,7979
position,41,16,26,7882
position,41,17,81,7824
position,41,18,127,7721
position,41,19,13,7718
position,41,20,11,7643
position,42,1,80,21436
position,42,2,8,14375
position,42,3,29,13939
position,42,4,32,13645
position,42,5,59,10467
position,42,6,113,9715
position,42,7,77,9561
position,42,8,39,9551
position,42,9,36,9327
position,42,10,21,9252
position,42,11,98,8808
position,42,12,9,8426
position,42,13,47,8317
position,42,14,76,8160
position,42,15,100,8096
position,42,16,84,7994
position,42,17,64,7965
position,42,18,111,7501
position,42,19,34,7475
position,42,20,86,7444
position,43,1,45,22097
position,43,2,78,21344
position,43,3,114,17230
position,43,4,59,14534
position,43,5,80,10979
position,43,6,72,10978
position,43,7,65,10283
position,43,8,16,9651
position,43,9,118,8913
position,43,10,92,8719
position,43,11,40,8689
position,43,12,25,8661
position,43,13,107,8288
position,43,14,87,7810
position,43,15,9,7735
position,43,16,15,7694
position,43,17,77,7031
position,43,18,86,7019
position,43,19,47,6905
position,43,20,74,6434
position,44,1,14,23088
position,44,2,84,16494
position,44,3,21,14704
position,44,4,116,14700
position,44,5,92,14081
position,44,6,68,13852
position,44,7,76,11172
position,44,8,94,10578
position,44,9,47,10563
position,44,10,59,9843
position,44,11,53,8989
position,44,12,121,8953
position,44,13,73,8945
position,44,14,41,8538
position,44,15,32,8357
position,44,16,52,8202
position,44,17,49,7067
position,44,18,109,6971
position,44,19,77,6784
position,44,20,127,6719
position,45,1,45,22991
position,45,2,1,22386
position,45,3,89,21086
position,45,4,107,16860
position,45,5,63,12478
position,45,6,124,11085
position,45,7,66,10329
position,45,8,85,10227
position,45,9,28,10102
position,45,10,84,9662
position,45,11,94,8764
position,45,12,35,8628
position,45,13,103,8203
position,45,14,6,8159
position,45,15,82,8083
position,45,16,111,7851
position,45,17,23,7769
position,45,18,108,7461
position,45,19,86,7317
position,45,20,70,7282
position,46,1,19,19165
position,46,2,102,16984
position,46,3,119,14785
position,46,4,123,14474
position,46,5,75,13097
position,46,6,38,11310
position,46,7,114,9551
position,46,8,67,9004
position,46,9,29,8515
position,46,10,71,8442
position,46,11,8,8250
position,46,12,31,7955
position,46,13,77,7639
position,46,14,4,7628
position,46,15,9,7624
position,46,16,115,7513
position,46,17,46,6867
position,46,18,92,6810
position,46,19,52,6670
position,46,20,124,6615
position,47,1,14,14907
position,47,2,126,12753
position,47,3,26,11707
position,47,4,36,10681
position,47,5,109,10308
position,47,6,73,9546
position,47,7,9,9244
position,47,8,52,8882
position,47,9,27,8822
position,47,10,22,8780
position,47,11,121,8460
position,47,12,32,8357
position,47,13,37,8301
position,47,14,120,8189
position,47,15,15,8032
position,47,16,21,8022
position,47,17,117,8010
position,47,18,103,7968
position,47,19,66,7852
position,47,20,94,7718
rotation,0,1,51,17860
rotation,0,2,112,14527
rotation,0,3,102,12302
rotation,0,4,23,11456
rotation,0,5,30,11382
rotation,0,6,12,10816
rotation,0,7,57,10364
rotation,0,8,113,9656
rotation,0,9,62,8756
rotation,0,10,29,8597
rotation,0,11,114,8570
rotation,0,12,72,8467
rotation,0,13,125,7933
rotation,0,14,58,7747
rotation,0,15,107,7612
rotation,0,16,35,7500
rotation,0,17,44,7386
rotation,0,18,34,7291
rotation,0,19,49,7188
rotation,0,20,77,7152
rotation,1,1,102,15710
rotation,1,2,35,12819
rotation,1,3,111,11454
rotation,1,4,108,11113
rotation,1,5,119,10773
rotation,1,6,32,10761
rotation,1,7,100,10534
rotation,1,8,8,10469
rotation,1,9,64,10435
rotation,1,10,9,10104
rotation,1,11,106,9875
rotation,1,12,59,9788
rotation,1,13,4,9352
rotation,1,14,47,8723
rotation,1,15,48,8151
rotation,1,16,70,7996
rotation,1,17,36,7870
rotation,1,18,5,7345
rotation,1,19,85,7268
rotation,1,20,18,7255
rotation,2,1,37,20694
rotation,2,2,47,15879
rotation,2,3,36,13281
rotation,2,4,40,13217
rotation,2,5,110,13090
rotation,2,6,75,10399
rotation,2,7,85,9712
rotation,2,8,103,9052
rotation,2,9,1,8938
rotation,2,10,16,8847
rotation,2,11,2,8776
rotation,2,12,52,8260
rotation,2,13,98,8233
rotation,2,14,25,8058
rotation,2,15,95,7872
rotation,2,16,80,7507
rotation,2,17,116,7507
rotation,2,18,79,7497
rotation,2,19,53,7415
rotation,2,20,21,7150
rotation,3,1,84,27522
rotation,3,2,16,12958
rotation,3,3,95,12617
rotation,3,4,88,11806
rotation,3,5,85,11530
rotation,3,6,43,11502
rotation,3,7,103,10959
rotation,3,8,63,10811
rotation,3,9,113,9931
rotation,3,10,77,9685
rotation,3,11,28,9572
rotation,3,12,18,9492
rotation,3,13,35,9407
rotation,3,14,27,8662
rotation,3,15,24,8282
rotation,3,16,101,8279
rotation,3,17,72,8217
rotation,3,18,127,8076
rotation,3,19,107,7660
rotation,3,20,58,7370
rotation,4,1,11,17668
rotation,4,2,104,15920
rotation,4,3,101,13940
rotation,4,4,34,12256
rotation,4,5,33,11360
rotation,4,6,4,11162
rotation,4,7,109,11158
rotation,4,8,18,11034
rotation,4,9,49,10872
rotation,4,10,2,10710
rotation,4,11,28,10397
rotation,4,12,36,10371
rotation,4,13,50,10194
rotation,4,14,15,10161
rotation,4,15,21,9335
rotation,4,16,92,9258
rotation,4,17,81,9168
rotation,4,18,5,9024
rotation,4,19,38,8914
rotation,4,20,72,8857
rotation,5,1,44,22466
rotation,5,2,74,18591
rotation,5,3,25,14012
rotation,5,4,14,13937
rotation,5,5,98,13347
rotation,5,6,53,10873
rotation,5,7,7,10761
rotation,5,8,70,10270
rotation,5,9,13,10169
rotation,5,10,27,10004
rotation,5,11,86,9958
rotation,5,12,76,9900
rotation,5,13,35,9541
rotation,5,14,109,9285
rotation,5,15,12,8979
rotation,5,16,43,8413
rotation,5,17,71,7576
rotation,5,18,51,7533
rotation,5,19,121,7502
rotation,5,20,17,7383
rotation,6,1,74,30084
rotation,6,2,1,22956
rotation,6,3,71,20043
rotation,6,4,8,17354
rotation,6,5,86,16957
rotation,6,6,16,16560
rotation,6,7,40,15345
rotation,6,8,109,14644
rotation,6,9,44,13995
rotation,6,10,111,13771
rotation,6,11,66,10827
rotation,6,12,116,10649
rotation,6,13,95,10625
rotation,6,14,20,10456
rotation,6,15,29,10360
rotation,6,16,53,10028
rotation,6,17,62,9819
rotation,6,18,34,9306
rotation,6,19,76,8286
rotation,6,20,5,8103
rotation,7,1,18,24979
rotation,7,2,109,22511
rotation,7,3,83,19305
rotation,7,4,106,16723
rotation,7,5,103,14491
rotation,7,6,82,14010
rotation,7,7,30,12704
rotation,7,8,23,12619
rotation,7,9,92,12615
rotation,7,10,111,12314
rotation,7,11,56,12200
rotation,7,12,65,12009
rotation,7,13,16,10517
rotation,7,14,9,10041
rotation,7,15,71,9681
rotation,7,16,107,9577
rotation,7,17,17,9487
rotation,7,18,13,9048
rotation,7,19,41,8674
rotation,7,20,73,8326
rotation,8,1,107,26858
rotation,8,2,88,24552
rotation,8,3,21,18648
rotation,8,4,72,18486
rotation,8,5,46,18470
rotation,8,6,58,14314
rotation,8,7,38,14116
rotation,8,8,67,13516
rotation,8,9,3,11884
rotation,8,10,125,10681
rotation,8,11,73,10630
rotation,8,12,81,9763
rotation,8,13,43,9686
rotation,8,14,20,9439
rotation,8,15,23,8826
rotation,8,16,27,8674
rotation,8,17,116,8464
rotation,8,18,68,8409
rotation,8,19,78,8025
rotation,8,20,71,7859
rotation,9,1,27,26316
rotation,9,2,28,20347
rotation,9,3,10,18398
rotation,9,4,114,16263
rotation,9,5,86,15697
rotation,9,6,49,15313
rotation,9,7,5,13422
rotation,9,8,108,12991
rotation,9,9,74,12297
rotation,9,10,88,12203
rotation,9,11,51,11295
rotation,9,12,57,10954
rotation,9,13,29,10885
rotation,9,14,37,10282
rotation,9,15,40,10011
rotation,9,16,90,9884
rotation,9,17,64,9771
rotation,9,18,87,9564
rotation,9,19,41,9279
rotation,9,20,54,8283
rotation,10,1,65,13467
rotation,10,2,96,12275
rotation,10,3,20,11902
rotation,10,4,30,11551
rotation,10,5,101,11100
rotation,10,6,116,10641
rotation,10,7,15,10585
rotation,10,8,53,10246
rotation,10,9,100,10030
rotation,10,10,3,9891
rotation,10,11,14,9855
rotation,10,12,26,9840
rotation,10,13,46,9798
rotation,10,14,56,9097
rotation,10,15,124,8971
rotation,10,16,117,8953
rotation,10,17,93,8927
rotation,10,18,123,8915
rotation,10,19,45,8915
rotation,10,20,82,8297
rotation,11,1,41,22649
rotation,11,2,39,16084
rotation,11,3,118,14578
rotation,11,4,64,14039
rotation,11,5,42,12544
rotation,11,6,44,11152
rotation,11,7,21,10682
rotation,11,8,73,10492
rotation,11,9,10,10395
rotation,11,10,35,9629
rotation,11,11,96,9548
rotation,11,12,97,9445
rotation,11,13,40,9081
rotation,11,14,127,8715
rotation,11,15,27,8044
rotation,11,16,1,7785
rotation,11,17,28,7778
rotation,11,18,32,7721
rotation,11,19,80,7433
rotation,11,20,100,7325
rotation,12,1,57,16649
rotation,12,2,95,16583
rotation,12,3,85,16302
rotation,12,4,121,13613
rotation,12,5,49,12367
rotation,12,6,113,11898
rotation,12,7,110,11378
rotation,12,8,119,11368
rotation,12,9,29,10543
rotation,12,10,0,10328
rotation,12,11,60,10111
rotation,12,12,91,9869
rotation,12,13,103,9694
rotation,12,14,48,9599
rotation,12,15,98,9449
rotation,12,16,62,9432
rotation,12,17,68,9374
rotation,12,18,17,9123
rotation,12,19,94,9076
rotation,12,20,46,8534
rotation,13,1,111,27607
rotation,13,2,89,18897
rotation,13,3,25,14620
rotation,13,4,18,14342
rotation,13,5,105,13544
rotation,13,6,57,11717
rotation,13,7,107,11308
rotation,13,8,14,11117
rotation,13,9,109,10978
rotation,13,10,90,10811
rotation,13,11,88,10541
rotation,13,12,9,10363
rotation,13,13,7,10293
rotation,13,14,122,9775
rotation,13,15,42,9746
rotation,13,16,94,9206
rotation,13,17,123,8949
rotation,13,18,96,8467
rotation,13,19,62,7939
rotation,13,20,68,7598
rotation,14,1,51,30127
rotation,14,2,53,24821
rotation,14,3,25,18908
rotation,14,4,36,15301
rotation,14,5,88,15138
rotation,14,6,93,13922
rotation,14,7,41,13778
rotation,14,8,85,13484
rotation,14,9,13,12266
rotation,14,10,108,12102
rotation,14,11,90,10742
rotation,14,12,107,10320
rotation,14,13,46,9852
rotation,14,14,60,9685
rotation,14,15,43,9283
rotation,14,16,18,9110
rotation,14,17,22,8920
rotation,14,18,127,8647
rotation,14,19,16,8238
rotation,14,20,65,8228
rotation,15,1,57,28776
rotation,15,2,7,23256
rotation,15,3,59,21469
rotation,15,4,116,17644
rotation,15,5,58,13467
rotation,15,6,22,13378
rotation,15,7,79,11606
rotation,15,8,125,11239
rotation,15,9,120,11169
rotation,15,10,53,11160
rotation,15,11,37,10728
rotation,15,12,20,10126
rotation,15,13,18,10124
rotation,15,14,82,10101
rotation,15,15,43,9916
rotation,15,16,76,9620
rotation,15,17,28,9099
rotation,15,18,84,8981
rotation,15,19,10,8582
rotation,15,20,96,8229
rotation,16,1,126,23059
rotation,16,2,36,22900
rotation,16,3,80,20390
rotation,16,4,101,20196
rotation,16,5,44,15163
rotation,16,6,37,14265
rotation,16,7,79,14190
rotation,16,8,34,10743
rotation,16,9,100,10710
rotation,16,10,22,10576
rotation,16,11,108,10401
rotation,16,12,98,10117
rotation,16,13,52,9790
rotation,16,14,77,8999
rotation,16,15,61,8963
rotation,16,16,89,8705
rotation,16,17,13,8646
rotation,16,18,21,8568
rotation,16,19,110,8374
rotation,16,20,70,8185
rotation,17,1,62,21677
rotation,17,2,36,19372
rotation,17,3,0,15928
rotation,17,4,116,15275
rotation,17,5,127,14224
rotation,17,6,78,12201
rotation,17,7,18,11951
rotation,17,8,55,10784
rotation,17,9,120,10526
rotation,17,10,121,10507
rotation,17,11,34,10210
rotation,17,12,35,10116
rotation,17,13,94,9443
rotation,17,14,63,9114
rotation,17,15,83,8861
rotation,17,16,88,8621
rotation,17,17,92,8471
rotation,17,18,66,8366
rotation,17,19,111,7997
rotation,17,20,61,7522
rotation,18,1,74,41364
rotation,18,2,1,29016
rotation,18,3,86,25830
rotation,18,4,71,21561
rotation,18,5,62,20368
rotation,18,6,111,18154
rotation,18,7,20,17670
rotation,18,8,116,15039
rotation,18,9,8,14814
rotation,18,10,109,14667
rotation,18,11,98,13924
rotation,18,12,53,12546
rotation,18,13,27,10522
rotation,18,14,44,10320
rotation,18,15,123,10250
rotation,18,16,101,9690
rotation,18,17,7,8843
rotation,18,18,54,8696
rotation,18,19,45,8125
rotation,18,20,16,7518
rotation,19,1,83,25245
rotation,19,2,106,24913
rotation,19,3,17,21954
rotation,19,4,18,21489
rotation,19,5,109,20848
rotation,19,6,28,18549
rotation,19,7,103,17323
rotation,19,8,115,15297
rotation,19,9,111,15222
rotation,19,10,41,14343
rotation,19,11,82,13493
rotation,19,12,73,12968
rotation,19,13,30,12767
rotation,19,14,113,12034
rotation,19,15,13,11875
rotation,19,16,53,10936
rotation,19,17,56,9500
rotation,19,18,64,8979
rotation,19,19,91,8647
rotation,19,20,9,8268
rotation,20,1,21,30911
rotation,20,2,88,26081
rotation,20,3,46,24545
rotation,20,4,107,21802
rotation,20,5,72,18929
rotation,20,6,20,18704
rotation,20,7,67,14644
rotation,20,8,23,14179
rotation,20,9,125,13117
rotation,20,10,94,11621
rotation,20,11,27,11337
rotation,20,12,58,11032
rotation,20,13,38,10484
rotation,20,14,8,10418
rotation,20,15,43,10347
rotation,20,16,59,9760
rotation,20,17,4,9673
rotation,20,18,15,8989
rotation,20,19,3,8772
rotation,20,20,111,8669
rotation,21,1,28,24829
rotation,21,2,86,24824
rotation,21,3,10,21993
rotation,21,4,5,21213
rotation,21,5,40,18884
rotation,21,6,49,17316
rotation,21,7,23,14434
rotation,21,8,114,14416
rotation,21,9,27,12370
rotation,21,10,88,11872
rotation,21,11,37,11819
rotation,21,12,104,11097
rotation,21,13,59,10126
rotation,21,14,30,9873
rotation,21,15,101,9822
rotation,21,16,79,9719
rotation,21,17,51,9094
rotation,21,18,35,8787
rotation,21,19,7,8427
rotation,21,20,41,8098
rotation,22,1,124,15631
rotation,22,2,20,15466
rotation,22,3,30,13700
rotation,22,4,98,13455
rotation,22,5,86,12312
rotation,22,6,2,12253
rotation,22,7,26,12232
rotation,22,8,65,11843
rotation,22,9,15,11102
rotation,22,10,96,11080
rotation,22,11,82,10899
rotation,22,12,23,10318
rotation,22,13,100,9756
rotation,22,14,45,9755
rotation,22,15,116,9704
rotation,22,16,109,9638
rotation,22,17,99,9564
rotation,22,18,117,9020
rotation,22,19,127,8919
rotation,22,20,14,8374
rotation,23,1,41,21440
rotation,23,2,64,16689
rotation,23,3,22,15797
rotation,23,4,118,15298
rotation,23,5,42,14959
rotation,23,6,21,14472
rotation,23,7,97,14072
rotation,23,8,96,13616
rotation,23,9,39,12737
rotation,23,10,73,12197
rotation,23,11,57,11273
rotation,23,12,1,10734
rotation,23,13,67,10542
rotation,23,14,100,10352
rotation,23,15,10,9427
rotation,23,16,35,8902
rotation,23,17,127,8127
rotation,23,18,126,7813
rotation,23,19,27,7603
rotation,23,20,85,7088
rotation,24,1,95,23554
rotation,24,2,119,21141
rotation,24,3,121,18068
rotation,24,4,57,15905
rotation,24,5,85,14872
rotation,24,6,60,12785
rotation,24,7,113,12219
rotation,24,8,103,11895
rotation,24,9,17,11662
rotation,24,10,46,11270
rotation,24,11,0,11211
rotation,24,12,110,11097
rotation,24,13,67,10770
rotation,24,14,25,10257
rotation,24,15,116,9403
rotation,24,16,29,9329
rotation,24,17,36,9095
rotation,24,18,26,8978
rotation,24,19,14,8667
rotation,24,20,109,8428
rotation,25,1,104,19436
rotation,25,2,99,18526
rotation,25,3,111,17809
rotation,25,4,105,13810
rotation,25,5,125,13162
rotation,25,6,89,11682
rotation,25,7,127,11573
rotation,25,8,27,11418
rotation,25,9,62,10781
rotation,25,10,107,10624
rotation,25,11,90,10095
rotation,25,12,122,10038
rotation,25,13,3,9570
rotation,25,14,88,9396
rotation,25,15,63,9204
rotation,25,16,36,9164
rotation,25,17,57,8816
rotation,25,18,42,8344
rotation,25,19,25,8139
rotation,25,20,109,7904
rotation,26,1,51,26294
rotation,26,2,53,24116
rotation,26,3,25,15984
rotation,26,4,107,15470
rotation,26,5,118,13794
rotation,26,6,36,13681
rotation,26,7,108,13412
rotation,26,8,71,13174
rotation,26,9,88,12682
rotation,26,10,22,12177
rotation,26,11,46,10537
rotation,26,12,93,10511
rotation,26,13,13,9333
rotation,26,14,15,9269
rotation,26,15,125,9059
rotation,26,16,97,8677
rotation,26,17,52,8646
rotation,26,18,90,8127
rotation,26,19,0,7980
rotation,26,20,60,7880
rotation,27,1,57,28293
rotation,27,2,7,22119
rotation,27,3,59,19074
rotation,27,4,116,16713
rotation,27,5,37,14118
rotation,27,6,126,13706
rotation,27,7,120,11665
rotation,27,8,125,11332
rotation,27,9,22,10978
rotation,27,10,3,10843
rotation,27,11,43,10748
rotation,27,12,79,10523
rotation,27,13,53,10455
rotation,27,14,76,10450
rotation,27,15,18,9352
rotation,27,16,115,8584
rotation,27,17,58,8025
rotation,27,18,54,7916
rotation,27,19,84,7777
rotation,27,20,83,7517
rotation,28,1,101,25905
rotation,28,2,80,21499
rotation,28,3,126,20354
rotation,28,4,36,19038
rotation,28,5,79,18794
rotation,28,6,85,17160
rotation,28,7,37,13645
rotation,28,8,100,12884
rotation,28,9,34,12195
rotation,28,10,89,11652
rotation,28,11,13,9859
rotation,28,12,98,9068
rotation,28,13,44,9012
rotation,28,14,53,8151
rotation,28,15,60,8052
rotation,28,16,42,7874
rotation,28,17,105,7721
rotation,28,18,52,7554
rotation,28,19,93,7524
rotation,28,20,103,6791
rotation,29,1,62,20738
rotation,29,2,72,17545
rotation,29,3,18,14047
rotation,29,4,121,12178
rotation,29,5,88,11626
rotation,29,6,127,11313
rotation,29,7,92,10826
rotation,29,8,94,10612
rotation,29,9,81,9891
rotation,29,10,59,9739
rotation,29,11,53,9498
rotation,29,12,36,9238
rotation,29,13,66,8979
rotation,29,14,116,8858
rotation,29,15,34,8791
rotation,29,16,122,8580
rotation,29,17,11,8363
rotation,29,18,10,8160
rotation,29,19,126,8075
rotation,29,20,38,8059
rotation,30,1,74,36228
rotation,30,2,1,24645
rotation,30,3,20,21406
rotation,30,4,86,20163
rotation,30,5,71,19927
rotation,30,6,109,19881
rotation,30,7,62,16363
rotation,30,8,111,13608
rotation,30,9,27,11399
rotation,30,10,59,11327
rotation,30,11,101,10946
rotation,30,12,53,10724
rotation,30,13,118,9906
rotation,30,14,98,9397
rotation,30,15,54,9294
rotation,30,16,90,8949
rotation,30,17,123,8841
rotation,30,18,116,8444
rotation,30,19,12,8400
rotation,30,20,8,8355
rotation,31,1,106,23610
rotation,31,2,28,21644
rotation,31,3,18,20742
rotation,31,4,83,20061
rotation,31,5,109,19947
rotation,31,6,103,18812
rotation,31,7,111,17378
rotation,31,8,17,16737
rotation,31,9,82,14465
rotation,31,10,41,11657
rotation,31,11,55,11016
rotation,31,12,9,10973
rotation,31,13,113,10911
rotation,31,14,44,10681
rotation,31,15,73,10051
rotation,31,16,13,9814
rotation,31,17,30,9413
rotation,31,18,7,9087
rotation,31,19,53,8407
rotation,31,20,68,8042
rotation,32,1,88,26445
rotation,32,2,21,22956
rotation,32,3,67,17426
rotation,32,4,9,17426
rotation,32,5,107,16874
rotation,32,6,46,16429
rotation,32,7,23,12363
rotation,32,8,72,11161
rotation,32,9,8,10716
rotation,32,10,15,10560
rotation,32,11,125,10341
rotation,32,12,38,9757
rotation,32,13,4,9424
rotation,32,14,94,8549
rotation,32,15,43,8103
rotation,32,16,27,8076
rotation,32,17,20,7670
rotation,32,18,7,7611
rotation,32,19,18,7592
rotation,32,20,123,7580
rotation,33,1,86,20096
rotation,33,2,28,19213
rotation,33,3,5,17341
rotation,33,4,37,13877
rotation,33,5,23,13181
rotation,33,6,10,12561
rotation,33,7,49,12123
rotation,33,8,88,11695
rotation,33,9,101,11222
rotation,33,10,40,10914
rotation,33,11,39,10257
rotation,33,12,114,9833
rotation,33,13,68,9683
rotation,33,14,57,9615
rotation,33,15,27,9565
rotation,33,16,104,9310
rotation,33,17,122,9050
rotation,33,18,31,9048
rotation,33,19,59,8992
rotation,33,20,69,8364
rotation,34,1,33,15972
rotation,34,2,20,12594
rotation,34,3,82,12292
rotation,34,4,65,12071
rotation,34,5,2,11985
rotation,34,6,45,11070
rotation,34,7,15,10794
rotation,34,8,30,10653
rotation,34,9,100,10147
rotation,34,10,26,9973
rotation,34,11,11,9866
rotation,34,12,116,9194
rotation,34,13,109,8914
rotation,34,14,51,8662
rotation,34,15,40,8607
rotation,34,16,101,8509
rotation,34,17,124,8035
rotation,34,18,103,8006
rotation,34,19,41,7623
rotation,34,20,13,7602
rotation,35,1,4,24461
rotation,35,2,41,15205
rotation,35,3,39,13137
rotation,35,4,118,12223
rotation,35,5,64,11885
rotation,35,6,78,11004
rotation,35,7,100,10624
rotation,35,8,21,10292
rotation,35,9,51,10017
rotation,35,10,1,9936
rotation,35,11,127,9826
rotation,35,12,123,9539
rotation,35,13,96,9088
rotation,35,14,126,8895
rotation,35,15,79,8046
rotation,35,16,94,7534
rotation,35,17,5,7230
rotation,35,18,50,7070
rotation,35,19,22,6912
rotation,35,20,92,6873
rotation,36,1,95,20708
rotation,36,2,119,16528
rotation,36,3,121,16459
rotation,36,4,57,14215
rotation,36,5,85,13437
rotation,36,6,109,12081
rotation,36,7,17,11293
rotation,36,8,110,11202
rotation,36,9,60,10259
rotation,36,10,56,9304
rotation,36,11,36,9304
rotation,36,12,32,9227
rotation,36,13,67,8373
rotation,36,14,46,8209
rotation,36,15,92,8088
rotation,36,16,98,7843
rotation,36,17,33,7737
rotation,36,18,94,7703
rotation,36,19,103,7544
rotation,36,20,74,7507
rotation,37,1,104,24799
rotation,37,2,20,15179
rotation,37,3,47,11718
rotation,37,4,12,10308
rotation,37,5,36,10185
rotation,37,6,105,10140
rotation,37,7,26,9757
rotation,37,8,25,9036
rotation,37,9,102,8909
rotation,37,10,89,8623
rotation,37,11,14,8401
rotation,37,12,0,8157
rotation,37,13,127,8125
rotation,37,14,85,8093
rotation,37,15,1,8008
rotation,37,16,66,7627
rotation,37,17,112,7626
rotation,37,18,19,7275
rotation,37,19,119,7196
rotation,37,20,48,7114
rotation,38,1,51,19312
rotation,38,2,53,16341
rotation,38,3,22,15387
rotation,38,4,46,14165
rotation,38,5,125,13893
rotation,38,6,93,12089
rotation,38,7,64,11725
rotation,38,8,97,11411
rotation,38,9,108,11344
rotation,38,10,96,10354
rotation,38,11,90,10317
rotation,38,12,88,9580
rotation,38,13,100,9380
rotation,38,14,25,9154
rotation,38,15,36,7841
rotation,38,16,19,7823
rotation,38,17,32,7735
rotation,38,18,101,7315
rotation,38,19,81,7085
rotation,38,20,15,6905
rotation,39,1,59,20423
rotation,39,2,57,19507
rotation,39,3,116,15481
rotation,39,4,46,13445
rotation,39,5,51,12909
rotation,39,6,125,12691
rotation,39,7,27,11968
rotation,39,8,7,9845
rotation,39,9,11,9642
rotation,39,10,120,9497
rotation,39,11,22,9098
rotation,39,12,79,9035
rotation,39,13,106,8942
rotation,39,14,75,8690
rotation,39,15,102,8659
rotation,39,16,33,8333
rotation,39,17,53,8275
rotation,39,18,115,8235
rotation,39,19,76,7973
rotation,39,20,49,7793
rotation,40,1,101,14939
rotation,40,2,126,14170
rotation,40,3,109,13101
rotation,40,4,85,11696
rotation,40,5,80,11289
rotation,40,6,118,11221
rotation,40,7,36,10225
rotation,40,8,89,10038
rotation,40,9,70,10020
rotation,40,10,3,9979
rotation,40,11,34,9916
rotation,40,12,5,9789
rotation,40,13,17,9707
rotation,40,14,103,9338
rotation,40,15,67,9097
rotation,40,16,23,8950
rotation,40,17,13,8569
rotation,40,18,41,8319
rotation,40,19,111,7967
rotation,40,20,40,7890
rotation,41,1,122,15123
rotation,41,2,54,13122
rotation,41,3,62,12023
rotation,41,4,88,11699
rotation,41,5,127,11618
rotation,41,6,18,11434
rotation,41,7,76,10373
rotation,41,8,61,10011
rotation,41,9,56,9871
rotation,41,10,26,9359
rotation,41,11,126,9316
rotation,41,12,119,9305
rotation,41,13,53,9099
rotation,41,14,23,8993
rotation,41,15,59,8872
rotation,41,16,116,8595
rotation,41,17,115,8191
rotation,41,18,92,7895
rotation,41,19,109,7885
rotation,41,20,90,7803
rotation,42,1,8,16019
rotation,42,2,80,15028
rotation,42,3,29,13773
rotation,42,4,71,12240
rotation,42,5,32,11550
rotation,42,6,76,9521
rotation,42,7,86,9380
rotation,42,8,84,9164
rotation,42,9,77,8994
rotation,42,10,59,8870
rotation,42,11,20,8659
rotation,42,12,39,8652
rotation,42,13,98,8290
rotation,42,14,21,8276
rotation,42,15,106,8274
rotation,42,16,42,8119
rotation,42,17,47,7996
rotation,42,18,113,7926
rotation,42,19,127,7896
rotation,42,20,111,7798
rotation,43,1,45,22733
rotation,43,2,78,21656
rotation,43,3,80,13950
rotation,43,4,114,12290
rotation,43,5,16,11850
rotation,43,6,59,10750
rotation,43,7,72,10630
rotation,43,8,92,10626
rotation,43,9,118,10539
rotation,43,10,107,9151
rotation,43,11,65,8981
rotation,43,12,34,8746
rotation,43,13,79,8594
rotation,43,14,117,8328
rotation,43,15,54,8119
rotation,43,16,31,8028
rotation,43,17,1,7829
rotation,43,18,15,7815
rotation,43,19,96,7734
rotation,43,20,25,7137
rotation,44,1,14,23044
rotation,44,2,84,14559
rotation,44,3,92,13218
rotation,44,4,68,13095
rotation,44,5,116,11256
rotation,44,6,41,10974
rotation,44,7,47,10026
rotation,44,8,59,9607
rotation,44,9,21,9579
rotation,44,10,76,9556
rotation,44,11,32,9428
rotation,44,12,121,9291
rotation,44,13,49,8988
rotation,44,14,77,8559
rotation,44,15,94,8336
rotation,44,16,52,8088
rotation,44,17,109,7753
rotation,44,18,98,7698
rotation,44,19,108,7557
rotation,44,20,28,7466
rotation,45,1,45,21565
rotation,45,2,1,20383
rotation,45,3,107,17826
rotation,45,4,89,14857
rotation,45,5,85,13696
rotation,45,6,94,9906
rotation,45,7,108,9769
rotation,45,8,124,9764
rotation,45,9,28,9616
rotation,45,10,6,9496
rotation,45,11,63,9290
rotation,45,12,66,9252
rotation,45,13,23,8543
rotation,45,14,4,8455
rotation,45,15,114,8201
rotation,45,16,82,8023
rotation,45,17,29,7952
rotation,45,18,84,7951
rotation,45,19,111,7677
rotation,45,20,104,7567
rotation,46,1,102,15892
rotation,46,2,19,15793
rotation,46,3,119,15689
rotation,46,4,123,12749
rotation,46,5,114,10414
rotation,46,6,62,10328
rotation,46,7,28,9712
rotation,46,8,31,9690
rotation,46,9,38,9637
rotation,46,10,83,8927
rotation,46,11,51,8772
rotation,46,12,67,8513
rotation,46,13,71,8339
rotation,46,14,46,8074
rotation,46,15,64,7957
rotation,46,16,75,7911
rotation,46,17,23,7889
rotation,46,18,14,7878
rotation,46,19,77,7810
rotation,46,20,52,7413
rotation,47,1,14,14197
rotation,47,2,9,13704
rotation,47,3,26,12563
rotation,47,4,27,10611
rotation,47,5,94,10266
rotation,47,6,36,10098
rotation,47,7,126,9112
rotation,47,8,32,9072
rotation,47,9,22,8884
rotation,47,10,103,8852
rotation,47,11,52,8847
rotation,47,12,109,8649
rotation,47,13,90,8624
rotation,47,14,37,8522
rotation,47,15,15,8443
rotation,47,16,73,8408
rotation,47,17,21,8360
rotation,47,18,55,8308
rotation,47,19,108,8282
rotation,47,20,58,7931
